URL	PDF location on VM	PMID	Downloaded by	Comments	Text location on VM
https://drive.google.com/file/d/1DAVFCmUpfB0Mxt8t6ScVT4m2i03UDSx7/view?usp=drive_link	/mnt/clbp/pdfs/pnad009.pdf	36715642			
https://academic.oup.com/painmedicine/advance-article/doi/10.1093/pm/pnac130/6687139	/mnt/clbp/pdfs/pnac130.pdf	31577276	Paul Anderson		
https://pubmed.ncbi.nlm.nih.gov/27586833/	nihms913006.pdf	27586833	Courtney Baird	pnac138.pdf(#1)	
https://www.ncbi.nlm.nih.gov/pmc/articles/PMC4128347/	/mnt/clbp/pdfs/nihms588873.pdf	24787228	Mayumi Paraiso	pnac202.pdf (#1)	
https://www.thelancet.com/journals/lancet/article/PIIS0140-6736(20)30925-9/fulltext	/mnt/clbp/pdfs/TL_396-10258-1204.pdf	33069326	Gianna Bozzo 	pnad009.pdf (#1) 	
https://www.jabfm.org/content/22/1/62.full	/mnt/clbp/pdfs/62.full.pdf	19124635	Gianna Bozzo 	pnad009.pdf (#2)	
https://www.ncbi.nlm.nih.gov/pmc/articles/PMC8277660/	/mnt/clbp/pdfs/nihms-1666204.pdf	33729212	Gianna Bozzo 	pnad009.pdf (#3)	
https://www.ncbi.nlm.nih.gov/pmc/articles/PMC9273132/	/mnt/clbp/pdfs/nihms-1814320.pdf	35662366	Gianna Bozzo 	pnad009.pdf (#4)	
https://pubmed.ncbi.nlm.nih.gov/33021770/	/mnt/clbp/pdfs/PAIN_D_20_00793_R1_together_AAM.pdf	33021770	Gianna Bozzo 	Could only access full article through PDF. URL does not go to full article 	
https://www.ncbi.nlm.nih.gov/pmc/articles/PMC4128347/	/mnt/clbp/pdfs/ptj00e1.pdf	24787228	Gianna Bozzo 	pnad009.pdf (#7)	
https://pubmed.ncbi.nlm.nih.gov/34473621/	/mnt/clbp/pdfs/db415-H.pdf	34473621	Mayumi Paraiso	pnac202.pdf (#2) 	
https://jamanetwork.com/journals/jama/fullarticle/2762309	/mnt/clbp/pdfs/jama_dieleman_2020_oi_200007.pdf	32125402	Mayumi Paraiso	pnac202.pdf (#3)	
https://pubmed.ncbi.nlm.nih.gov/25561513/	/mnt/clbp/pdfs/State of the Art Review_ Opioids for low back pain - PMC.pdf	25561513	Mayumi Paraiso	pnac202.pdf (#4) 	
https://www.ijssurgery.com/content/7/e29.full	/mnt/clbp/pdfs/e29.full.pdf	25694901	Gianna Bozzo 	pnad009.pdf (#8)	
https://journals.sagepub.com/doi/epub/10.1177/2050312118757387	/mnt/clbp/pdfs/alhowimel.pdf	29449945	Gianna Bozzo 	pnad009.pdf (#9)	
https://www.sciencedirect.com/science/article/pii/S0306452216301269	/mnt/clbp/pdfs/1-s2.0-S0306452216301269-main.pdf	27143481	Gianna Bozzo 	pnad009.pdf (#12)	
https://www.ncbi.nlm.nih.gov/pmc/articles/PMC5828382/	/mnt/clbp/pdfs/jop-159-583.pdf	29240606	Gianna Bozzo 	pnad009.pdf (#13)	
https://www.ncbi.nlm.nih.gov/pmc/articles/PMC3821734/	/mnt/clbp/pdfs/nihms337231.pdf	22058430	Gianna Bozzo 	pnad009.pdf (#14)	
https://link.springer.com/article/10.1007/s40610-018-0101-2	/mnt/clbp/pdfs/s40610-018-0101-2.pdf	30464887	Gianna Bozzo 	pnad009.pdf (#15)	
https://www.ncbi.nlm.nih.gov/pmc/articles/PMC8915771/	/mnt/clbp/pdfs/fpain-02-744148.pdf	35295525	Gianna Bozzo 	pnad009.pdf (#16)	
https://www.ncbi.nlm.nih.gov/pmc/articles/PMC8885563/	/mnt/clbp/pdfs/main.pdf	35243180	Gianna Bozzo 	pnad009.pdf (#17)	
https://www.ncbi.nlm.nih.gov/pmc/articles/PMC7658508/	/mnt/clbp/pdfs/10.1177_1744806920972889.pdf	33169629	Gianna Bozzo 	pnad009.pdf (#18)	
https://www.ncbi.nlm.nih.gov/pmc/articles/PMC3033683/	/mnt/clbp/pdfs/M110.004523.pdf	21048193	Gianna Bozzo 	pnad009.pdf (#19)	
https://www.ncbi.nlm.nih.gov/pmc/articles/PMC5555416/	/mnt/clbp/pdfs/nihms861706.pdf	28438806	Gianna Bozzo 	pnad009.pdf (#20)	
https://www.ncbi.nlm.nih.gov/pmc/articles/PMC5118702/	/mnt/clbp/pdfs/fneur-07-00198.pdf	27920753	Gianna Bozzo 	pnad009.pdf (#21)	
https://www.ncbi.nlm.nih.gov/pmc/articles/PMC9397030/	/mnt/clbp/pdfs/proteomes-10-00026.pdf	35997438	Gianna Bozzo 	pnad009.pdf (#23)	
https://www.ncbi.nlm.nih.gov/pmc/articles/PMC4535975/	/mnt/clbp/pdfs/pone.0135365.pdf	26270474	Gianna Bozzo 	pnad009.pdf (#24)	
https://www.painphysicianjournal.com/current/pdf?article=NzEyNg%3D%3D&journal=130	2020;23;E429-E440.pdf	26726723	Courtney Baird	PubMed had no available abstract, so had to use other source to get PDF	pnac2
https://pubmed.ncbi.nlm.nih.gov/30096445/	nihms-1754141.pdf	30096445	Courtney Baird		pnac3
https://pubmed.ncbi.nlm.nih.gov/30208400/	nihms-989127.pdf	30208400	Courtney Baird		
https://pubmed.ncbi.nlm.nih.gov/28813584/		28813584	Courtney Baird	Couldn't find PDF 	
https://pubmed.ncbi.nlm.nih.gov/22553896/		22553896	Courtney Baird	Couldn't download PDF - needed MyNAP account?	
https://pubmed.ncbi.nlm.nih.gov/28763410/		28763410	Courtney Baird	Couldn't download PDF 	
https://pubmed.ncbi.nlm.nih.gov/29870441/		29870441	Courtney Baird	Couldn't download PDF 	
https://pubmed.ncbi.nlm.nih.gov/34856579/		34856579	Courtney Baird	Couldn't download full PDF	
https://www.ncbi.nlm.nih.gov/pmc/articles/PMC5955818/	nihms955778.pdf	29521813	Courtney Baird		
https://pubmed.ncbi.nlm.nih.gov/32569762/		32569762	Courtney Baird	Have to purchase the PDF	
https://pubmed.ncbi.nlm.nih.gov/24296482/		24296482	Courtney Baird	Couldn't find full PDF	
https://pubmed.ncbi.nlm.nih.gov/30045343/		30045343	Courtney Baird	Couldn't find full PDF	
https://pubmed.ncbi.nlm.nih.gov/29516096/	Functional Outcomes After Lumbar Surgery	29516096	Courtney Baird	Was able to save full text, but not as PDF? - Can go back in and convert to PDF later through adobe, but not sure how to do that on server	
https://pubmed.ncbi.nlm.nih.gov/26192725/		26192725	Courtney Baird	Have to purchase the PDF	
https://www.ncbi.nlm.nih.gov/pmc/articles/PMC8567777/	orthopedicreviews_2021_13_2_24978.pdf	34745473	Courtney Baird		
https://pubmed.ncbi.nlm.nih.gov/30223089/	PIIS1529943018311343.pdf	30223089	Courtney Baird		
https://www.ncbi.nlm.nih.gov/pmc/articles/PMC5902353/	11606_2018_Article_4364.pdf	29633134	Courtney Baird		
https://pubmed.ncbi.nlm.nih.gov/26977696/	nihms-1008876.pdf	26977696	Courtney Baird		
https://www.iprcc.nih.gov/node/5/national-pain-strategy-report	NationalPainStrategy_508C.pdf	N/A	Courtney Baird		
https://pubmed.ncbi.nlm.nih.gov/26555833/		26555833	Courtney Baird	Full text only available to download as word doc & couldn't in server	
https://pubmed.ncbi.nlm.nih.gov/10781906/		10781906	Courtney Baird	Link to get PDF full text - 401 Error	
https://pubmed.ncbi.nlm.nih.gov/17218132/	Self‐efficacy mediates the relation between pain‐related fear and outcome in chronic low back pain patients.pdf	17218132	Courtney Baird	Saved PDF as a file & then saved correctly - need to go back and delete repeat	
https://pubmed.ncbi.nlm.nih.gov/28968567/		28968567	Courtney Baird	Have to pay to get full PDF	
https://pubmed.ncbi.nlm.nih.gov/10593107/	1-s2.0-S1356689X99901996-main.pdf	10593107	Courtney Baird		
https://pubmed.ncbi.nlm.nih.gov/19150750/		19150750	Courtney Baird	Have to purchase or subscribe to PAIN	
https://pubmed.ncbi.nlm.nih.gov/19948949/	pnas.200906186.pdf	19948949	Courtney Baird		
https://pubmed.ncbi.nlm.nih.gov/34326292/		34326292	Courtney Baird	Have to purchase or subscribe to PAIN	
https://pubmed.ncbi.nlm.nih.gov/31823442/	European Journal of Pain - 2019 - Petzke - Opioids for chronic low back pain An updated systematic review and.pdf	31823442	Courtney Baird		
https://pubmed.ncbi.nlm.nih.gov/23988582/	nihms-541097.pdf	23988582	Courtney Baird		
https://pubmed.ncbi.nlm.nih.gov/30213672/	1-s2.0-S1878875018320382-main.pdf	30213672	Courtney Baird		
https://pubmed.ncbi.nlm.nih.gov/24237581/	2045-709X-21-40.pdf	24237581	Courtney Baird		
https://bmcmusculoskeletdisord.biomedcentral.com/articles/10.1186/s12891-021-04622-w	s12891-021-04622-w.pdf	N/A	Courtney Baird	Find PMID	
https://pubmed.ncbi.nlm.nih.gov/27993558/	nihms844960.pdf	27993558	Courtney Baird		
https://pubmed.ncbi.nlm.nih.gov/16054407/	European Journal of Pain - 2012 - Jensen - 10‐year follow‐up of chronic non‐malignant pain patients Opioid use health.pdf	16054407	Courtney Baird		
https://pubmed.ncbi.nlm.nih.gov/24211099/	1-s2.0-S1529943013012096-main.pdf	24211099	Courtney Baird		
https://pubmed.ncbi.nlm.nih.gov/26101845/	nihms705158.pdf	26101845	Courtney Baird		
https://pubmed.ncbi.nlm.nih.gov/20354468/		20354468	Courtney Baird	Have to buy PDF	
https://pubmed.ncbi.nlm.nih.gov/27053222/	s10143-016-0720-0.pdf	27053222	Courtney Baird		
https://pubmed.ncbi.nlm.nih.gov/28832441/		28832441	Courtney Baird	Have to buy PDF	
https://pubmed.ncbi.nlm.nih.gov/34613379/	pnab292.pdf	34613379	Courtney Baird		
https://pubmed.ncbi.nlm.nih.gov/29186635/	Identification of Indirect Effects in a Cognitive Patient Education (COPE) Intervention for Low Back Pain - PMC	29186635	Courtney Baird	Saved as a file, but couldn't find as PDF	
https://pubmed.ncbi.nlm.nih.gov/27257859/	nihms-790749.pdf	27257859	Courtney Baird		
https://pubmed.ncbi.nlm.nih.gov/24547803/	amp-a0035623.pdf	24547803	Courtney Baird		
https://pubmed.ncbi.nlm.nih.gov/22161025/	nihms512860.pdf	22161025	Courtney Baird		
https://pubmed.ncbi.nlm.nih.gov/24491075/	nihms582118.pdf	24491075	Courtney Baird		
https://pubmed.ncbi.nlm.nih.gov/27037786/	nihms756679.pdf	27037786	Courtney Baird		
https://www.ncbi.nlm.nih.gov/pmc/articles/PMC7736195/	nihms-1638351.pdf	33070057	Courtney Baird		
https://www.ncbi.nlm.nih.gov/pmc/articles/PMC6795512/	aax1569.pdf	31663023	Courtney Baird		
https://pubmed.ncbi.nlm.nih.gov/32338846/	Bookshelf_NBK556229.pdf	32338846	Courtney Baird		
https://pubmed.ncbi.nlm.nih.gov/33247353/	s00586-020-06661-8.pdf	33247353	Courtney Baird		
https://pubmed.ncbi.nlm.nih.gov/34397527/	ejanet-38-985.pdf	34397527	Courtney Baird		
https://pubmed.ncbi.nlm.nih.gov/35226053/	Mindfulness-Oriented Recovery Enhancement vs Supportive Group Therapy for Co-occurring Opioid Misuse and Chronic Pain in Primary Care - PMC	35226053	Courtney Baird	Couldn't save as PDF, but saved file	
https://pubmed.ncbi.nlm.nih.gov/31556669/	nihms-1017629.pdf	31556669	Courtney Baird		
https://pubmed.ncbi.nlm.nih.gov/24845547/		24845547	Courtney Baird	Have to purchase for PDF	
https://pubmed.ncbi.nlm.nih.gov/34508905/	1-s2.0-S1526590021003217-main.pdf	34508905	Courtney Baird	May have saved multiple times	
https://www.ncbi.nlm.nih.gov/pmc/articles/PMC2686775/	11606_2009_Article_981.pdf	19418100	Courtney Baird		
https://pubmed.ncbi.nlm.nih.gov/20856144/	nihms752126.pdf	20856144	Courtney Baird		
https://pubmed.ncbi.nlm.nih.gov/26807536/	nihms-743093.pdf	26807536	Courtney Baird		
https://pubmed.ncbi.nlm.nih.gov/20685078/	nihms203741.pdf	20685078	Courtney Baird		
https://pubmed.ncbi.nlm.nih.gov/17339617/		17339617	Courtney Baird	Requires subscription to access PDF	
https://pubmed.ncbi.nlm.nih.gov/14583691/		14583691	Courtney Baird	Have to subscribe/buy PDF	
https://www.ncbi.nlm.nih.gov/pmc/articles/PMC5570743/	11606_2017_Article_4079.pdf	28550609	Courtney Baird		
https://pubmed.ncbi.nlm.nih.gov/25766681/		25766681	Courtney Baird	Requires Subscription or payment for full PDF	
https://pubmed.ncbi.nlm.nih.gov/30212442/	mm6736a2.pdf	30212442	Courtney Baird		
https://www.researchgate.net/signup.SignUp.html			Courtney Baird	Can request text from author?	
https://content.sph.harvard.edu/fitzmaur/ala2e/			Courtney Baird	This is a book	
https://pubmed.ncbi.nlm.nih.gov/11701584/	1123.pdf	11701584	Courtney Baird		
https://pubmed.ncbi.nlm.nih.gov/20020423/	LuCovarianceSIM2009.pdf	20020423	Courtney Baird		
https://pubmed.ncbi.nlm.nih.gov/20479643/	nihms-640247.pdf	20479643	Courtney Baird		
https://www.wiley.com/en-us/Statistical+Analysis+with+Missing+Data%2C+2nd+Edition-p-9781119013563			Courtney Baird	This is a book	
https://pubmed.ncbi.nlm.nih.gov/17621469/	van-buuren-2007-multiple-imputation-of-discrete-and-continuous-data-by-fully-conditional-specification	17621469	Courtney Baird		
https://www.jstor.org/stable/2291635	Rubin-MultipleImputation18-1996.pdf	N/A	Courtney Baird		
https://pubmed.ncbi.nlm.nih.gov/33714488/	1-s2.0-S1360859220302175-main.pdf	33714488	Courtney Baird		
https://pubmed.ncbi.nlm.nih.gov/27551408/	10.1177_2049463715587117.pdf	27551408	Courtney Baird		
https://pubmed.ncbi.nlm.nih.gov/35185246/	ptc-2020-0066.pdf	35185246	Courtney Baird		
https://pubmed.ncbi.nlm.nih.gov/17908130/	Journal of Advanced Nursing - 2007 - Spillane - Monitoring treatment fidelity in a randomized controlled trial of a complex.pdf	17908130	Courtney Baird		pnac138 (#78)
https://www.sciencedirect.com/science/article/pii/S1529943007010017?via%3Dihub	/mnt/clbp/pdfs/1-s2.0-S1529943007010017-main.pdf	18201937	Gianna Bozzo 	pnad009.pdf (#25) 	
https://www.ncbi.nlm.nih.gov/pmc/articles/PMC7006726/	/mnt/clbp/pdfs/YJMT_28_1572986.pdf	30935324	Gianna Bozzo 	pnad009.pdf (#26)	
https://www.ncbi.nlm.nih.gov/pmc/articles/PMC4096432/	/mnt/clbp/pdfs/1471-2474-15-229.pdf	25012528	Gianna Bozzo 	pnad009.pdf (#27)	
https://www.ncbi.nlm.nih.gov/pmc/articles/PMC6427361/	/mnt/clbp/pdfs/sensors-19-01021.pdf	30823373	Gianna Bozzo 	pnad009.pdf (#30)	
https://www.ncbi.nlm.nih.gov/pmc/articles/PMC7757644/	/mnt/clbp/pdfs/ijt-12-2-27.pdf	33520092	Gianna Bozzo 	pnad009.pdf (#31) 	
https://www.ncbi.nlm.nih.gov/pmc/articles/PMC5161656/	/mnt/clbp/pdfs/nihms819740.pdf	27741022	Gianna Bozzo 	pnad009.pdf (#34) 	
https://www.ncbi.nlm.nih.gov/pmc/articles/PMC6032516/	/mnt/clbp/pdfs/nihms945575.pdf	29470715	Gianna Bozzo 	pnad009.pdf (#36)	
https://www.ncbi.nlm.nih.gov/pmc/articles/PMC2668117/	/mnt/clbp/pdfs/nihms94235.pdf	18434230	Gianna Bozzo 	pnad009.pdf (#37)	
https://www.ncbi.nlm.nih.gov/pmc/articles/PMC3072582/	/mnt/clbp/pdfs/nihms282466.pdf	16813452	Gianna Bozzo 	pnad009.pdf (#38)	
https://journals.lww.com/spinejournal/Abstract/2011/08010/Kinematics_of_Cervical_Total_Disc_Replacement.5.aspx	/mnt/clbp/pdfs/Kinematics_of_Cervical_Total_Disc_Replac.pdf	21629170	Gianna Bozzo 	Could only access full article through PDF. URL does not go to full article 	
https://www.ncbi.nlm.nih.gov/pmc/articles/PMC4114477/	/mnt/clbp/pdfs/PDF.pdf	25100682	Gianna Bozzo 	pnad009.pdf (#40) 	
https://bmjopen.bmj.com/content/11/6/e050545.long	/mnt/clbp/pdfs/e050545.full.pdf	34130965	Mayumi Paraiso	pnac202.pdf (#5)	
https://www.publichealth.it/wp-content/uploads/2020/05/3.-Validation-of-a-combined-comorbidity-index.pdf	/mnt/clbp/pdfs/3.-Validation-of-a-combined-comorbidity-index.pdf	7722560	Mayumi Paraiso	pnac202.pdf (#6) 	
https://academic.oup.com/aje/article/173/6/676/182985?login=false	/mnt/clbp/pdfs/kwq433.pdf	21330339	Mayumi Paraiso	pnac202.pdf (#7)	
https://www.ncbi.nlm.nih.gov/pmc/articles/PMC8177096/	/mnt/clbp/pdfs/nihms-1537073.pdf	31154033	Mayumi Paraiso	pnac202.pdf (#8)	
https://web-p-ebscohost-com.calpoly.idm.oclc.org/ehost/pdfviewer/pdfviewer?vid=0&sid=047aba43-2a30-4726-8ed6-d118234c081e%40redis	/mnt/clbp/pdfs/pnac196_1.pdf	N/A	Mayumi Paraiso	pnac196copy.pdf (#1)	
https://www-sciencedirect-com.calpoly.idm.oclc.org/science/article/pii/S0140673616309709	/mnt/clbp/pdfs/pnac196_2.pdf	27745712	Mayumi Paraiso	pnac196copy.pdf (#2)	
https://www-sciencedirect-com.calpoly.idm.oclc.org/science/article/pii/S014067361830480X	/mnt/clbp/pdfs/pnac196_3.pdf	29573870	Mayumi Paraiso	pnac196copy.pdf (#3)	
https://www.ncbi.nlm.nih.gov/pmc/articles/PMC5012303/	/mnt/clbp/pdfs/pnac196_4.pdf	27586832	Mayumi Paraiso	pnac196copy.pdf (#4)	
https://academic.oup.com/painmedicine/advance-article/doi/10.1093/pm/pnac202/6978204	/mnt/clbp/pdfs/pnac202.pdf	36622041	Gianna Bozzo 	Could only access full article through PDF. URL does not go to full article	
https://www.sciencedirect.com/science/article/pii/S1526590021003217?via%3Dihub	/mnt/clbp/pdfs/1-s2.0-S1526590021003217-main.pdf	34508905	Gianna Bozzo 	pnad008.pdf (#4) 	
https://link.springer.com/article/10.1007/s10926-012-9413-x	/mnt/clbp/pdfs/s10926-012-9413-x.pdf	23263734	Gianna Bozzo 	pnad008.pdf (#9) 	
https://www.ncbi.nlm.nih.gov/pmc/articles/PMC6191984/	/mnt/clbp/pdfs/A-history-of-low-back.pdf	30356910	Gianna Bozzo 	pnad008.pdf (#10) 	
https://www.ncbi.nlm.nih.gov/pmc/articles/PMC6161016/	/mnt/clbp/pdfs/Kinematic-measures.pdf	29684790	Gianna Bozzo 	pnad008.pdf (#8)	
https://pubmed.ncbi.nlm.nih.gov/36370080/	/mnt/clbp/pdfs/pnac175.pdf	36370080	Gianna Bozzo 	full link only available as PDF 	
https://www.ncbi.nlm.nih.gov/pmc/articles/PMC5073566/	/mnt/clbp/pdfs/bmjopen-2016-012070.pdf	27798002	Gianna Bozzo 	pnad008.pdf (#15) 	
https://www.ncbi.nlm.nih.gov/pmc/articles/PMC5411039/	/mnt/clbp/pdfs/pone.0176372.pdf	28459826	Gianna Bozzo 	pnad008.pdf (#16) 	
https://www.ncbi.nlm.nih.gov/pmc/articles/PMC1466742/	/mnt/clbp/pdfs/pnac196_5.pdf	15576544	Mayumi Paraiso	pnac196copy.pdf (#5)	
https://www.tandfonline.com/doi/full/10.1080/20476965.2022.2029584	/mnt/clbp/pdfs/pnac196_6.pdf	N/A	Mayumi Paraiso	pnac196copy.pdf (#6)	
https://pubmed.ncbi.nlm.nih.gov/24665116/	968.full.pdf	24665116	Courtney Baird		pnac163 (#1)
https://pubmed.ncbi.nlm.nih.gov/34115979/	1-s2.0-S0140673621007339-main.pdf	34115979	Courtney Baird		
https://pubmed.ncbi.nlm.nih.gov/28355981/	jospt.2017.7415.pdf	28355981	Courtney Baird		
https://www.ncbi.nlm.nih.gov/pmc/articles/PMC7599507/	sensors-20-05750.pdf	33050438	Courtney Baird		
https://pubmed.ncbi.nlm.nih.gov/30496104/	main (1).pdf	30496104	Courtney Baird		
https://pubmed.ncbi.nlm.nih.gov/24151223/	Physiotherapy Res Intl - 2013 - Lygren - Do ICF Core Sets for Low Back Pain Include Patients  Self‐Reported Activity.pdf	24151223	Courtney Baird		
https://www.ncbi.nlm.nih.gov/pmc/articles/PMC8500373/	ajp-37-812.pdf	34475338	Courtney Baird		
https://pubmed.ncbi.nlm.nih.gov/30889235/	pnz021.pdf	30889235	Courtney Baird		
https://pubmed.ncbi.nlm.nih.gov/16047209/	586_2005_Article_925.pdf	16047209	Courtney Baird		
https://pubmed.ncbi.nlm.nih.gov/12832167/		12832167	Courtney Baird	Pushed me to a 9 article zip file I couldn't open/download	
https://pubmed.ncbi.nlm.nih.gov/24328452/		24328452	Courtney Baird	Need to purchase PDF	
https://www.ncbi.nlm.nih.gov/pmc/articles/PMC2078289/	586_2006_Article_298.pdf	17342512	Courtney Baird		
https://pubmed.ncbi.nlm.nih.gov/34640360/	jcm-10-04342.pdf	34640360	Courtney Baird		
https://pubmed.ncbi.nlm.nih.gov/32364465/	YJMT_28_1758520.pdf	32364465	Courtney Baird		
https://pubmed.ncbi.nlm.nih.gov/34542672/	s00586-021-06990-2.pdf	34542672	Courtney Baird		
https://www.researchgate.net/publication/303425087_Preparatory_brain_activity_and_anticipatory_postural_adjustments_accompanied_by_externally_cued_weighted-rapid_arm_rise_task_in_non-specific_chronic_low_back_pain_patients_and_healthy_subjects/link/5742d3a208ae9f741b378f00/download	Preparatory_brain_activity_and_anticipatory_postur.pdf	N/A	Courtney Baird		
https://pubmed.ncbi.nlm.nih.gov/23349066/	European Journal of Pain - 2013 - Hodges - New insight into motor adaptation to pain revealed by a combination of modelling.pdf	23349066	Courtney Baird		
https://www.ncbi.nlm.nih.gov/pmc/articles/PMC7955136/	41598_2021_Article_84034.pdf	33712658	Courtney Baird		
https://pubmed.ncbi.nlm.nih.gov/1863921/		1863921	Courtney Baird	Didn't have access to PDF	
https://pubmed.ncbi.nlm.nih.gov/34062144/	1-s2.0-S0140673621003925-main.pdf	34062144	Courtney Baird		
https://pubmed.ncbi.nlm.nih.gov/22673479/		22673479	Courtney Baird	Need to buy PDF	
https://pubmed.ncbi.nlm.nih.gov/24709625/		24709625	Courtney Baird	Need to buy PDF	
https://pubmed.ncbi.nlm.nih.gov/36622041/	pnac202 (1).pdf	36622041	Courtney Baird		
https://pubmed.ncbi.nlm.nih.gov/27431280/	marras-et-al-2016-the-contribution-of-biomechanical-biological-interactions-of-the-spine-to-low-back-pain.pdf	27431280	Courtney Baird		
https://pubmed.ncbi.nlm.nih.gov/31160632/	41598_2019_Article_44664.pdf	31160632	Courtney Baird		
https://www.ncbi.nlm.nih.gov/pmc/articles/PMC7344521/	diagnostics-10-00426.pdf	32599741	Courtney Baird		
https://www.ncbi.nlm.nih.gov/pmc/articles/PMC8000067/	life-11-00226.pdf	33802214	Courtney Baird		
https://www.ncbi.nlm.nih.gov/pmc/articles/PMC7187545/	jpr-13-795.pdf	32425585	Courtney Baird		
https://pubmed.ncbi.nlm.nih.gov/25981205/	s00586-015-4004-0.pdf	25981205	Courtney Baird		
https://www.ncbi.nlm.nih.gov/pmc/articles/PMC7739608/	fspor-01-00067 (1).pdf	33344990	Courtney Baird		
https://pubmed.ncbi.nlm.nih.gov/30566577/	ptj_99_4_457.pdf	30566577	Courtney Baird		
https://pubmed.ncbi.nlm.nih.gov/18838331/	1-s2.0-S1356689X08001380-main.pdf	18838331	Courtney Baird		
https://pubmed.ncbi.nlm.nih.gov/8725925/		8725925	Courtney Baird	Need to buy PDF	
https://pubmed.ncbi.nlm.nih.gov/11725237/		11725237	Courtney Baird	Need to buy PDF	
https://pubmed.ncbi.nlm.nih.gov/14749195/	1-s2.0-S1529943003004248-main.pdf	14749195	Courtney Baird		
https://www.ncbi.nlm.nih.gov/pmc/articles/PMC5485332/	JHE2017-6294503.pdf	29065628	Courtney Baird		
https://pubmed.ncbi.nlm.nih.gov/21349614/	1-s2.0-S0268003311000209-main.pdf	21349614	Courtney Baird		
https://watermark.silverchair.com/pnac163.pdf?token=AQECAHi208BE49Ooan9kkhW_Ercy7Dm3ZL_9Cf3qfKAc485ysgAAA5kwggOVBgkqhkiG9w0BBwagggOGMIIDggIBADCCA3sGCSqGSIb3DQEHATAeBglghkgBZQMEAS4wEQQMaNsIvlrZhihtGuWLAgEQgIIDTHZblE6-HA_9yScRu5KGYTBbuwuFGtyzbd85rMwbEEAaovyVzn5n1JBepLhItkeTNZG2SXJQtr-SmKrwxph4ytpIm5IW8nwhKgRBZdjP3oMVni8Z_BJJ9K8RzcC7nwlNiYUUeu33QgX0Oz02P6-2zlw7UlCQ-OP7HktawOIFkVyeO3Xl5xbxTOAKmazDIa--sCLtlMzw8c37WVaV0cvKNtThS3I9DFVxeNq-0UaN_BBnAMuLA6gI2tofrqEwimZkaUAtvwTOin_ZlQbyN3UnlKJGvTOw_2dm5qgXjmIr6oGqXTCANW9loKrd73o8pDWg7DH5Farr9Jm7MIA0fey6lzPjCHHThLyoB05lcv60svcb7loPnwTB6GFrQUwhQ6DdtxQlxAXUPfGzi5RoP26pCYQynZ0k6dT46Qam-kLvHiTBhr0izcItLc7ZsxL8wILMthNvAKZ-viy69Nv2zowCxK1JRKLvQ1O3uHQ39u-NOJJUlUtlNUJ7dafcoErTrsNSBu6VdTPtIYnAEDSmyh1g7AKF2yWiGa14a_uPengB3hFRgaJMakLTD1eFwawmGWR44t82QrbjMIBdPEJXaYgb-x-m98jWwcABBYl-aTI02KuGh42M1AWvjfufNyHObzDQSANNvYuZyJfhlcbukPtQilVmpkQIHMs9KyebPm34Gvel1gGEgrXkV7Cy97iBqQ8yRgbyqqAMY8s8s_LxXIhmsKB5HGMya01iOLau6_8aIoUojPjsH1gV06zKLtsy5bcgRZfwWOllImmmAs_5opCrZa-nWu4mFwGkqxU5SOyKiR2WCvxaxCLcDj9p_VKzjqVXaNY70Drt5579gKLpmSsA8C_IsrPyNpg8eInPA-pCR7SVLFvquFEuuWUGidGK-P1SJTR-WSy1bkLC-b7gQ9j1rIu5s9kLd38T4822uvjuaXS9vZhIhOL0cQ3LGdkjpHfpuhX-8IIACQmR0D1-AIASJtlyxa7lferNaNU8rxak8CLE6hZqKb0aFRpAmJjfSL0HNKJDJuenm9iHyMaXHBAJSLNc6e0tufmVVFbImTJU0pHiN8jjkMGPOEjK04k9CD4ViXknh2dzjs_43E8ySP9NcjfduU3Zq4YghKTzIKs	pnac163.pdf	N/A	Courtney Baird		
https://pubmed.ncbi.nlm.nih.gov/11426154/		11426154	Courtney Baird	Have to buy PDF	
https://www.ncbi.nlm.nih.gov/pmc/articles/PMC3594078/	nihms397478.pdf	23328325	Courtney Baird		
https://pubmed.ncbi.nlm.nih.gov/25569886/		25569886	Courtney Baird	No PDF available	pnac163 (#41)
https://link.springer.com/article/10.1007/s10067-021-05968-1	/mnt/clbp/pdfs/s10067-021-05968-1.pdf	34674081	Gianna Bozzo 	pnad008.pdf (#17) 	
https://www.zora.uzh.ch/id/eprint/226125/	/mnt/clbp/pdfs/ZORA_226125.pdf	36525387	Gianna Bozzo 	full length only availble through PDF 	
https://academic.oup.com/aje/article/157/6/552/75003?login=true	/mnt/clbp/pdfs/kwg017.pdf	12631546	Gianna Bozzo 	pnad008.pdf (#28) 	
https://www.ncbi.nlm.nih.gov/pmc/articles/PMC4868633/	/mnt/clbp/pdfs/nihms754641.pdf	26835782	Gianna Bozzo 	pnad008.pdf (#31)	
https://pubmed.ncbi.nlm.nih.gov/17022849/	/mnt/clbp/pdfs/painDETECT.pdf	17022849	Gianna Bozzo 	Full length only available through PDF 	
https://www.sciencedirect.com/science/article/pii/S0304395903004299?via%3Dihub	/mnt/clbp/pdfs/1-s2.0-S0304395903004299-main.pdf	14715402	Gianna Bozzo 	pnad008.pdf (#33) 	
https://www.sciencedirect.com/science/article/pii/S0005796704002475?via%3Dihub	/mnt/clbp/pdfs/1-s2.0-S0005796704002475-main.pdf	16086984	Gianna Bozzo 	pnad008.pdf (#34) 	
https://www.ncbi.nlm.nih.gov/pmc/articles/PMC7269185/	/mnt/clbp/pdfs/nihms-1544714.pdf	32197733	Gianna Bozzo 	pnad008.pdf (#35) 	
https://www.sciencedirect.com/science/article/pii/S0895435615005466?via%3Dihub	/mnt/clbp/pdfs/1-s2.0-S0895435615005466-main.pdf	26628334	Gianna Bozzo 	pnad008.pdf (#36)	
https://www.ncbi.nlm.nih.gov/pmc/articles/PMC5479750/	/mnt/clbp/pdfs/nihms855675.pdf	28239781	Gianna Bozzo 	pnad008.pdf (#37) 	
https://www.jstor.org/stable/2136404	/mnt/clbp/pdfs/Cohen-GlobalMeasurePerceived-1983.pdf	6668417	Gianna Bozzo 	pnad008.pdf (#38) 	
https://onlinelibrary.wiley.com/doi/10.1002/art.23563	/mnt/clbp/pdfs/Arthritis Care.pdf	18438893	Gianna Bozzo 	pnad008.pdf (#40) 	
https://web-p-ebscohost-com.calpoly.idm.oclc.org/ehost/pdfviewer/pdfviewer?vid=0&sid=2262dc4e-4c5a-47f1-b01d-18d18dd6d436%40redis	/mnt/clbp/pdfs/pnac196_7.pdf	32546079	Mayumi Paraiso	pnac196copy.pdf (#7)	
https://research.vu.nl/ws/portalfiles/portal/214962191/The_biopsychosocial_model_is_lost_in_translation_from_misrepresentation_to_an_enactive_modernization.pdf	/mnt/clbp/pdfs/pnac196_8.pdf	35645164	Mayumi Paraiso	pnac196copy.pdf (#8)	
https://www.ncbi.nlm.nih.gov/pmc/articles/PMC8394590/	/mnt/clbp/pdfs/pnac196_9.pdf	34421116	Mayumi Paraiso	pnac196copy.pdf (#9)	
https://www.ncbi.nlm.nih.gov/pmc/articles/PMC8996416/	/mnt/clbp/pdfs/pnac196_10.pdf	35399051	Mayumi Paraiso	pnac196copy.pdf (#10)	
https://www.ncbi.nlm.nih.gov/pmc/articles/PMC2335261/	/mnt/clbp/pdfs/pnac196_11.pdf	18436948	Mayumi Paraiso	pnac196copy.pdf (#11)	
https://www.ncbi.nlm.nih.gov/pmc/articles/PMC3438523/	/mnt/clbp/pdfs/pnac196_12.pdf	22958566	Mayumi Paraiso	pnac196copy.pdf (#12)	
https://www.jpain.org/article/S1526-5900(18)30594-7/fulltext	-	31063874	Mayumi Paraiso	Need to buy PDF	
https://www.ncbi.nlm.nih.gov/pmc/articles/PMC7055034/	/mnt/clbp/pdfs/pnac196_14.pdf	32126991	Mayumi Paraiso	pnac196copy.pdf (#14)	
https://www.ncbi.nlm.nih.gov/pmc/articles/PMC6383876/	/mnt/clbp/pdfs/pnac196_15.pdf	30789940	Mayumi Paraiso	pnac196copy.pdf (#15)	
https://www-sciencedirect-com.calpoly.idm.oclc.org/science/article/pii/S1529943018302869	/mnt/clbp/pdfs/pnac196_16.pdf	29906616	Mayumi Paraiso	pnac196copy.pdf (#16)	
https://www.jpain.org/article/S1526-5900(13)01317-5/fulltext	-	24184573	Mayumi Paraiso	Need to buy PDF	
https://www.ncbi.nlm.nih.gov/pmc/articles/PMC5019427/	/mnt/clbp/pdfs/pnac196_18.pdf	27660486	Mayumi Paraiso	pnac196copy.pdf (#18)	
https://www.sciencedirect.com/science/article/pii/S1521694213000740?via%3Dihub	/mnt/clbp/pdfs/pnac196_19.pdf	24315144	Mayumi Paraiso	pnac196copy.pdf (#19)	
https://onlinelibrary.wiley.com/doi/10.1111/ijcp.13680	/mnt/clbp/pdfs/pnac196_20.pdf	33166045	Mayumi Paraiso	pnac196copy.pdf (#20)	
https://academic.oup.com/painmedicine/article/22/12/2974/6149022?login=false	/mnt/clbp/pdfs/	33624814	Mayumi Paraiso	pnac196copy.pdf (#21)	
https://www.ncbi.nlm.nih.gov/pmc/articles/PMC2899092/	/mnt/clbp/pdfs/	19130056	Mayumi Paraiso	pnac196copy.pdf (#22)	
https://academic.oup.com/painmedicine/article/20/9/1651/5126457?login=false	/mnt/clbp/pdfs/	30307521	Mayumi Paraiso	pnac196copy.pdf (#23)	
https://onlinelibrary-wiley-com.calpoly.idm.oclc.org/doi/10.1002/art.22273	/mnt/clbp/pdfs/	17133530	Mayumi Paraiso	pnac196copy.pdf (#24)	
https://link-springer-com.calpoly.idm.oclc.org/article/10.1007/s10926-011-9306-4	/mnt/clbp/pdfs/	21516301	Mayumi Paraiso	pnac196copy.pdf (#25)	
https://www-sciencedirect-com.calpoly.idm.oclc.org/science/article/pii/S1529943014002344	/mnt/clbp/pdfs/	24614254	Mayumi Paraiso	pnac196copy.pdf (#26)	
https://www-sciencedirect-com.calpoly.idm.oclc.org/science/article/pii/S1529943013015763	/mnt/clbp/pdfs/	24412032	Mayumi Paraiso	pnac196copy.pdf (#27)	
https://www.ncbi.nlm.nih.gov/pmc/articles/PMC6839250/	/mnt/clbp/pdfs/	31703727	Mayumi Paraiso	pnac196copy.pdf (#28)	
-	-	-	Mayumi Paraiso	Book	
https://www-sciencedirect-com.calpoly.idm.oclc.org/science/article/pii/S1529943014002435	/mnt/clbp/pdfs/	24607845	Mayumi Paraiso	pnac196copy.pdf (#30)	
https://www.ncbi.nlm.nih.gov/pmc/articles/PMC3591832/	/mnt/clbp/pdfs/	13680317	Mayumi Paraiso	pnac196copy.pdf (#31)	
https://www.sciencedirect.com/science/article/pii/S1050641103000440?via%3Dihub	/mnt/clbp/pdfs/	12832167	Mayumi Paraiso	pnac196copy.pdf (#32)	
https://journals.sagepub.com/doi/10.1136/aim.22.4.178	/mnt/clbp/pdfs/	15628775	Mayumi Paraiso	Need to buy PDF	
https://www-sciencedirect-com.calpoly.idm.oclc.org/science/article/pii/S0304395910007190	/mnt/clbp/pdfs/	21251757	Mayumi Paraiso	pnac196copy.pdf (#34)	
https://onlinelibrary.wiley.com/doi/10.1002/ejp.1395	/mnt/clbp/pdfs/	30920074	Mayumi Paraiso	pnac196copy.pdf (#35)	
https://www-sciencedirect-com.calpoly.idm.oclc.org/science/article/pii/S0161475418301623	/mnt/clbp/pdfs/	31029466	Mayumi Paraiso	pnac196copy.pdf (#36)	
https://journals.lww.com/spinejournal/Abstract/2019/05150/Relationship_Between_Proprioception_and_Pain_and.16.aspx	/mnt/clbp/pdfs/	30726200	Mayumi Paraiso	Need to buy PDF	
https://digitalcollection.zhaw.ch/bitstream/11475/8963/2/2015_Rausch-Osthoff_Lumbar_reposition_accuracy.pdf	/mnt/clbp/pdfs/	25575094	Mayumi Paraiso	pnac196copy.pdf (#38)	
https://www.ncbi.nlm.nih.gov/pmc/articles/PMC3326132/	/mnt/clbp/pdfs/	22072093	Mayumi Paraiso	pnac196copy.pdf (#39)	
https://www.ncbi.nlm.nih.gov/pmc/articles/PMC7410145/	/mnt/clbp/pdfs/	32821790	Mayumi Paraiso	pnac196copy.pdf (#40)	
https://www-sciencedirect-com.calpoly.idm.oclc.org/science/article/pii/S0304395904004841	/mnt/clbp/pdfs/	15621376	Mayumi Paraiso	pnac196copy.pdf (#41)	
https://www.painphysicianjournal.com/linkout?issn=&vol=20&page=611	/mnt/clbp/pdfs/	29149142	Mayumi Paraiso	pnac196copy.pdf (#42)	
https://www.ncbi.nlm.nih.gov/pmc/articles/PMC8432009/	/mnt/clbp/pdfs/	34501283	Mayumi Paraiso	pnac196copy.pdf (#43)	
https://web-p-ebscohost-com.calpoly.idm.oclc.org/ehost/pdfviewer/pdfviewer?vid=0&sid=e1d1ba09-4d24-458b-93a3-bfc53e874dd5%40redis	/mnt/clbp/pdfs/	32954802	Mayumi Paraiso	pnac196copy.pdf (#44)	
https://cris.maastrichtuniversity.nl/ws/portalfiles/portal/76002467/Smeets_2020_Exercise_treatment_effect_modifiers_in.pdf	/mnt/clbp/pdfs/	31780447	Mayumi Paraiso	pnac196copy.pdf (#45)	
-	/mnt/clbp/pdfs/	-	Mayumi Paraiso	Cannot find article	
https://repository.uantwerpen.be/docman/irua/940d89/188845.pdf	/mnt/clbp/pdfs/	35699492	Mayumi Paraiso	pnac196copy.pdf (#47)	
https://eprints.leedsbeckett.ac.uk/id/eprint/1945/3/Paley_ObesDiscuss_ClinJPain_Repository.pdf	/mnt/clbp/pdfs/	25988939	Mayumi Paraiso	pnac196copy.pdf (#48)	
https://www.ncbi.nlm.nih.gov/pmc/articles/PMC5661692/	/mnt/clbp/pdfs/	29123662	Mayumi Paraiso	pnac196copy.pdf (#49)	
https://www.ncbi.nlm.nih.gov/pmc/articles/PMC5584918/	/mnt/clbp/pdfs/	28894385	Mayumi Paraiso	pnac196copy.pdf (#50)	
https://www.ncbi.nlm.nih.gov/pmc/articles/PMC3501579/	/mnt/clbp/pdfs/	22978429	Mayumi Paraiso	pnac196copy.pdf (#51)	
https://www-sciencedirect-com.calpoly.idm.oclc.org/science/article/pii/S1529943015000996	/mnt/clbp/pdfs/	25661432	Mayumi Paraiso	pnac196copy.pdf (#52)	
https://www.ncbi.nlm.nih.gov/pmc/articles/PMC8741947/	/mnt/clbp/pdfs/	34997115	Mayumi Paraiso	pnac196copy.pdf (#53)	
https://www.ncbi.nlm.nih.gov/pmc/articles/PMC6529970/	/mnt/clbp/pdfs/	19228264	Mayumi Paraiso	pnac196copy.pdf (#54)	
https://www.ncbi.nlm.nih.gov/pmc/articles/PMC5154161/	/mnt/clbp/pdfs/	27964712	Mayumi Paraiso	pnac196copy.pdf (#55)	
http://jultika.oulu.fi/files/nbnfi-fe2019112243874.pdf	/mnt/clbp/pdfs/	30808802	Mayumi Paraiso	pnac196copy.pdf (#56)	
https://www.ncbi.nlm.nih.gov/pmc/articles/PMC5072673/	/mnt/clbp/pdfs/	27764105	Mayumi Paraiso	pnac196copy.pdf (#57)	
https://www.ncbi.nlm.nih.gov/pmc/articles/PMC6159857/	/mnt/clbp/pdfs/	30261039	Mayumi Paraiso	pnac196copy.pdf (#58)	
https://www.ncbi.nlm.nih.gov/pmc/articles/PMC8166276/	/mnt/clbp/pdfs/	34079363	Mayumi Paraiso	pnac196copy.pdf (#59)	
https://www.sciencedirect.com/science/article/pii/S0049017215001080?via%3Dihub	/mnt/clbp/pdfs/	26092329	Mayumi Paraiso	pnac196copy.pdf (#60)	
https://journals.lww.com/clinicalpain/Abstract/2018/03000/The_Relationship_Between_Structural_and_Functional.7.aspx	/mnt/clbp/pdfs/	28719509	Mayumi Paraiso	Need to buy PDF	
https://www.jpain.org/article/S1526-5900(19)30753-9/fulltext	/mnt/clbp/pdfs/	31260806	Mayumi Paraiso	Need to buy PDF	
https://journals.lww.com/clinicalpain/Abstract/2017/11000/Gray_Matter_Abnormalities_Associated_With_Chronic.4.aspx#ContentAccessOptions	/mnt/clbp/pdfs/	28234752	Mayumi Paraiso	Need to buy PDF	
https://www-sciencedirect-com.calpoly.idm.oclc.org/science/article/pii/S0304395913002704	/mnt/clbp/pdfs/	23711482	Mayumi Paraiso	pnac196copy.pdf (#64)	
https://onlinelibrary-wiley-com.calpoly.idm.oclc.org/doi/10.1002/j.1532-2149.2012.00170.x	/mnt/clbp/pdfs/	22641374	Mayumi Paraiso	pnac196copy.pdf (#65)	
https://academic.oup.com/painmedicine/article/15/1/4/1886719?login=false	/mnt/clbp/pdfs/	24118776	Mayumi Paraiso	pnac196copy.pdf (#66)	
https://journals.lww.com/spinejournal/Abstract/2015/05150/Can_Bacterial_Infection_by_Low_Virulent_Organisms.16.aspx	/mnt/clbp/pdfs/	25955094	Mayumi Paraiso	Need to buy PDF	
https://www.ncbi.nlm.nih.gov/pmc/articles/PMC3088902/	/mnt/clbp/pdfs/	20739918	Mayumi Paraiso	pnac196copy.pdf (#68)	
https://www.ncbi.nlm.nih.gov/pmc/articles/PMC6070210/	/mnt/clbp/pdfs/	30067777	Mayumi Paraiso	pnac196copy.pdf (#69)	
https://www.sciencedirect.com/science/article/pii/S1479666X21000147?via%3Dihub	/mnt/clbp/pdfs/	33582054	Mayumi Paraiso	pnac196copy.pdf (#70)	
https://www.ncbi.nlm.nih.gov/pmc/articles/PMC8384346/	/mnt/clbp/pdfs/	34447268	Mayumi Paraiso	pnac196copy.pdf (#71)	
https://onlinelibrary.wiley.com/doi/epdf/10.1002/pmrj.12212	/mnt/clbp/pdfs/	31264799	Mayumi Paraiso	Need to buy PDF	
https://www.ncbi.nlm.nih.gov/pmc/articles/PMC2223341/	/mnt/clbp/pdfs/	17701230	Mayumi Paraiso	pnac196copy.pdf (#73)	
https://journals.lww.com/spinejournal/Abstract/2008/07010/A_Systematic_Review_of_the_Predictive_Ability_of.19.aspx	/mnt/clbp/pdfs/	18594447	Mayumi Paraiso	Need to buy PDF	
https://www.sciencedirect.com/science/article/pii/S1877065718300393?via%3Dihub	/mnt/clbp/pdfs/	29578102	Mayumi Paraiso	pnac196copy.pdf (#75)	
https://www-jstor-org.calpoly.idm.oclc.org/stable/20182586?sid=primo	/mnt/clbp/pdfs/	-	Mayumi Paraiso	pnac196copy.pdf (#76)	
https://link.springer.com/article/10.1007/s11229-021-03142-3	/mnt/clbp/pdfs/	-	Mayumi Paraiso	pnac196copy.pdf (#77)	
https://www.mdpi.com/2076-3417/12/7/3341	/mnt/clbp/pdfs/	-	Mayumi Paraiso	pnac196copy.pdf (#78)	
https://www.ncbi.nlm.nih.gov/pmc/articles/PMC5731664/	/mnt/clbp/pdfs/	29255326	Mayumi Paraiso	pnac196copy.pdf (#79)	
	/mnt/clbp/pdfs/treatment-categories-questionnaire.pdf		Gianna Bozzo 	only a pdf 	
https://www.ncbi.nlm.nih.gov/pmc/articles/PMC7955136/	41598_2021_Article_84034 (1).pdf	33712658	Courtney Baird	pnac163 (#42)	
https://pubmed.ncbi.nlm.nih.gov/30658610/	12891_2018_Article_2387.pdf	30658610	Courtney Baird		
https://watermark.silverchair.com/pnac163.pdf?token=AQECAHi208BE49Ooan9kkhW_Ercy7Dm3ZL_9Cf3qfKAc485ysgAAA5kwggOVBgkqhkiG9w0BBwagggOGMIIDggIBADCCA3sGCSqGSIb3DQEHATAeBglghkgBZQMEAS4wEQQMFvWfncWibI9qYuyGAgEQgIIDTLs2RSH4_0imrcMgsXtaCSNEEYNnklLMdlSz9sbZInKDOK1gDwzMLl5fhdJqnezzg71fWs4_3HVhj7-KEl_hepf2xaTDObGnAfR6umWKatx15SWPUhYyZhtNx69CrVY90INZ1r8C3Zwnpdk4ZR9Z7GsUTtJCNEBUotk6LH_flZmKdKg1sJ3ZaaVzeGu2ng8f4svmyu5kflTW_jm9VEEYUoTzwKnAN2JYoaUxn_9CKyjO4SndvHBdoGMIB942xxXoUcsYeqIFrTfzPh5XeojlHelm0fOVAq0hN2uRivO3eei8qA1oJ4TcJWdc8xEUUiADK4GtSztKE7ZtGCGLnzUCLglAG7zdoLKyhD2Ui-8qbNbZxve_8uPe32egpy1iOVfAWhOsL7_PoUQ8BwX_rWM5TwMxwQvo51jowlG8iOy1uXuUbcZmn_sQZ_pnY6LpxWf9-5soHPZ5-uh_2W1-mFKfEaMsV3Eo_S1ymVozwJy7Z8EGOMb2_JGBMfEyrvgseor1vQW7lAIi0qAsrw177c-5mnHXw9vxejRyYDnE92NBc_N88nJl82Ne_0FtgSLw__XgMoRNmPrlpGHZTxb3PgECGdAjP_7epfiiSYk-3f1nly_vpNigomKJnh_28giz8U3sEkyTjWCock52YEpGTrIzx0RgF6OZx_kbaYvDaoTIS_YlYK7nbQnu0MBXOVhN7Y5XIw3Q1IZKpgxycGihfc0Pysg0YQ_PrcsaENXBL5zovICRxXx3tgc49JmsxahMIkDZyP1Rebsxiloaoz-cJ7VnaUv5SgzkNhgMQBp74LDGQA5fBfjbFdNade67hqC8s2idJN2wAlNAfgGwmnT2B5KUAxeaRzkBwt-mim2DqlazBknY-A10SmqDSaJ6msxfI_-o0t0cwWCFPDgGAjM34yTfS7otCZYbphRI5UVd3O2A2q0OBwsqbPVqHkE4DwM25wBBuDJ_W-k1cbYYN5JE6sFQEReVnF3tVgeuuFTa8WA0y9lTt19e0H7iVB-ECSFxI-_TdR4SALmSbVHxDLtE6iadCTIc-KiHyg0Dpv9k8hC8QzUu6MEwKvYgdEfMdqdOAdcXNWeY_nStY3VGR9tPuBQER5m9hzVKSzHfMnKsNcM	pnac163 (1)	N/A	Courtney Baird		
https://pubmed.ncbi.nlm.nih.gov/12832164/	1-s2.0-S1050641103000415-main.pdf	12832164	Courtney Baird		
https://pubmed.ncbi.nlm.nih.gov/21508892/		21508892	Courtney Baird	Need to buy PDF	
https://pubmed.ncbi.nlm.nih.gov/28704216/	Low_Back_Pain_Patients_Learn_to_Adapt_Motor.7.pdf	28704216	Courtney Baird		
https://pubmed.ncbi.nlm.nih.gov/15531048/	1-s2.0-S0268003304001895-main.pdf	15531048	Courtney Baird		
https://pubmed.ncbi.nlm.nih.gov/30793429/		30793429	Courtney Baird	Need to buy PDF	
https://www.ncbi.nlm.nih.gov/pmc/articles/PMC9338341/	main (2).pdf	35151908	Courtney Baird		
https://pubmed.ncbi.nlm.nih.gov/25503596/		25503596	Courtney Baird	Need to buy PDF	
https://www.ncbi.nlm.nih.gov/pmc/articles/PMC9141006/	ijerph-19-05971.pdf	35627508	Courtney Baird		
https://pubmed.ncbi.nlm.nih.gov/31730537/		31730537	Courtney Baird	Can't access PDF	
https://pubmed.ncbi.nlm.nih.gov/31864436/	1-s2.0-S0161475418301714-main.pdf	31864436	Courtney Baird		
https://pubmed.ncbi.nlm.nih.gov/29684790/	main (3).pdf	29684790	Courtney Baird		
https://pubmed.ncbi.nlm.nih.gov/8610248/	12891_2016_Article_1074.pdf	8610248	Courtney Baird		
https://pubmed.ncbi.nlm.nih.gov/8484154/		8484154	Courtney Baird	Couldn't find full PDF	
https://pubmed.ncbi.nlm.nih.gov/28415980/	12891_2017_Article_1515.pdf	28415980	Courtney Baird		
https://pubmed.ncbi.nlm.nih.gov/34288926/	pone.0254241.pdf	34288926	Courtney Baird		
https://pubmed.ncbi.nlm.nih.gov/31115684/	s00586-019-06010-4.pdf	31115684	Courtney Baird		
https://pubmed.ncbi.nlm.nih.gov/31140705/	nihms-1033044.pdf	31140705	Courtney Baird		
https://pubmed.ncbi.nlm.nih.gov/31928738/	Alteration of movement patterns in low back pain assessed by Statistical Parametric Mapping - PMC	31928738	Courtney Baird	Not available as PDF - saved as file	
https://pubmed.ncbi.nlm.nih.gov/10543004/	1-s2.0-S001048251730255X-main.pdf	10543004	Courtney Baird	Had to buy access	
https://pubmed.ncbi.nlm.nih.gov/28800443/		28800443	Courtney Baird		
https://pubmed.ncbi.nlm.nih.gov/32604794/	sensors-20-03600.pdf	32604794	Courtney Baird		
https://pubmed.ncbi.nlm.nih.gov/29094284/	10926_2017_Article_9737.pdf	29094284	Courtney Baird		
https://pubmed.ncbi.nlm.nih.gov/21516301/	s10926-011-9306-4.pdf	21516301	Courtney Baird		
https://pubmed.ncbi.nlm.nih.gov/28634547/	PRT2017-3489617.pdf	28634547	Courtney Baird		
https://pubmed.ncbi.nlm.nih.gov/33591109/		33591109	Courtney Baird	Need to purchase PDF	
https://pubmed.ncbi.nlm.nih.gov/33115341/		33115341	Courtney Baird	Need to purchase PDF	
https://pubmed.ncbi.nlm.nih.gov/29499832/	1-s2.0-S0021929018301131-main.pdf	29499832	Courtney Baird		
https://pubmed.ncbi.nlm.nih.gov/32281524/	nihms-1598066.pdf	32281524	Courtney Baird		
https://www.ncbi.nlm.nih.gov/pmc/articles/PMC8143405/	pone.0252141.pdf	34029347	Courtney Baird		
https://pubmed.ncbi.nlm.nih.gov/33323888/	jop-162-1621.pdf	33323888	Courtney Baird		
https://pubmed.ncbi.nlm.nih.gov/18317203/		18317203	Courtney Baird	Need to buy access	
https://pubmed.ncbi.nlm.nih.gov/17632385/		17632385	Courtney Baird	Need to buy access	
https://pubmed.ncbi.nlm.nih.gov/28324797/	nihms861533.pdf	28324797	Courtney Baird		
https://www.ncbi.nlm.nih.gov/pmc/articles/PMC6015648/	JBPE-8-193.pdf	29951446	Courtney Baird		
https://pubmed.ncbi.nlm.nih.gov/33306502/	nihms-1652536.pdf	33306502	Courtney Baird		
https://pubmed.ncbi.nlm.nih.gov/25190669/	s10926-014-9533-6.pdf	25190669	Courtney Baird		
https://pubmed.ncbi.nlm.nih.gov/32443827/	sensors-20-02902.pdf	32443827	Courtney Baird		
https://pubmed.ncbi.nlm.nih.gov/31669957/	Identifying non-specific low back pain clinical subgroups from sitting and standing repositioning posture tasks using a novel Cardiff Dempster–Shafer Theory Classifier - PMC	31669957	Courtney Baird	Couldn't save as PDF, but saved as file	
https://pubmed.ncbi.nlm.nih.gov/28733722/	emss-82579.pdf	28733722	Courtney Baird		
https://pubmed.ncbi.nlm.nih.gov/32489236/	hkpj-40-011.pdf	32489236	Courtney Baird		
https://www.ncbi.nlm.nih.gov/pmc/articles/PMC7060385/	EJHS3002-0233.pdf	32165813	Courtney Baird		
https://pubmed.ncbi.nlm.nih.gov/29327605/	DoesChangeinLumbarExtensorMuscleFunctionCorrelatewithGoodClinicalOutcome-Pre-print.pdf	29327605	Courtney Baird		
https://pubmed.ncbi.nlm.nih.gov/32621351/		32621351	Courtney Baird	Don't have access to PDF	
https://pubmed.ncbi.nlm.nih.gov/9854763/		9854763	Courtney Baird	Need to buy SPINE subscription	
https://pubmed.ncbi.nlm.nih.gov/10908939/		10908939	Courtney Baird	Need to buy SPINE subscription	
https://pubmed.ncbi.nlm.nih.gov/32281524/	nihms-1598066 (1).pdf	32281524	Courtney Baird		
https://pubmed.ncbi.nlm.nih.gov/35809534/	1-s2.0-S026800332200136X-main.pdf	35809534	Courtney Baird		
https://pubmed.ncbi.nlm.nih.gov/23263734/	s10926-012-9413-x (1).pdf	23263734	Courtney Baird		
https://pubmed.ncbi.nlm.nih.gov/29895230/	nihms-1612985.pdf	29895230	Courtney Baird		
https://pubmed.ncbi.nlm.nih.gov/12745684/	Previous history of LBP with work loss is related to lingering deficits in biomechanical physiological personal psychosocial and motor control.pdf	12745684	Courtney Baird		
https://www.ncbi.nlm.nih.gov/pmc/articles/PMC6191984/	main (4).pdf	30356910	Courtney Baird		
https://pubmed.ncbi.nlm.nih.gov/31901525/	1-s2.0-S0966636219317977-main.pdf	31901525	Courtney Baird		
https://pubmed.ncbi.nlm.nih.gov/30281504/	Kinematic_and_Kinetic_Validation_of_an_Improved_Depth_Camera_Motion_Assessment_System_Using_Rigid_Bodies.pdf	30281504	Courtney Baird		
https://pubmed.ncbi.nlm.nih.gov/30823373/	sensors-19-01021 (1).pdf	30823373	Courtney Baird		
https://pubmed.ncbi.nlm.nih.gov/26126426/	1-s2.0-S0031940615037839-main.pdf	26126426	Courtney Baird		
https://pubmed.ncbi.nlm.nih.gov/31092123/	nihms-1612987.pdf	31092123	Courtney Baird		
https://www.ncbi.nlm.nih.gov/pmc/articles/PMC5693453/	main (5).pdf	29097026	Courtney Baird		
https://pubmed.ncbi.nlm.nih.gov/22466247/	nihms538318.pdf	22466247	Courtney Baird		
https://pubmed.ncbi.nlm.nih.gov/7770494/		7770494	Courtney Baird	Don't have access to PDF	
https://pubmed.ncbi.nlm.nih.gov/16540876/		16540876	Courtney Baird	Need to buy SPINE	
https://www.ncbi.nlm.nih.gov/pmc/articles/PMC4127517/	ijspt-08-549.pdf	25133083	Courtney Baird		
https://pubmed.ncbi.nlm.nih.gov/33591367/	Risk Factors Associated With Transition From Acute to Chronic Low Back Pain in US Patients Seeking Primary Care - PMC	33591367	Courtney Baird	Couldn't save as PDF, but saved as file	
https://pubmed.ncbi.nlm.nih.gov/32694378/	nihms-1610061.pdf	32694378	Courtney Baird		
https://pubmed.ncbi.nlm.nih.gov/30716057/	Estimating_Sit-to-Stand_Dynamics_Using_a_Single_Depth_Camera.pdf	30716057	Courtney Baird		
https://pubmed.ncbi.nlm.nih.gov/28303543/	emss-80231.pdf	28303543	Courtney Baird		
https://www.nature.com/articles/s41598-019-54267-y	s41598-019-54267-y (1).pdf	N/A	Courtney Baird		
https://pubmed.ncbi.nlm.nih.gov/28235039/	pone.0172804.pdf	28235039	Courtney Baird		
https://pubmed.ncbi.nlm.nih.gov/34798245/	1-s2.0-S1529943021010044-main.pdf	34798245	Courtney Baird		
https://pubmed.ncbi.nlm.nih.gov/25881074/	12966_2015_Article_172.pdf	25881074	Courtney Baird		
https://watermark.silverchair.com/pnac163.pdf?token=AQECAHi208BE49Ooan9kkhW_Ercy7Dm3ZL_9Cf3qfKAc485ysgAAA5kwggOVBgkqhkiG9w0BBwagggOGMIIDggIBADCCA3sGCSqGSIb3DQEHATAeBglghkgBZQMEAS4wEQQMXxaOvcMQmxLSJ9iTAgEQgIIDTDS4SKzdsUmgoqwZwWwRMkcIuBmmcBp5KWKB2x5C0nefb2Zb_NGDakkGwBmdBvu-R3N5R9uYS9a5qpJbAS-SkrfpJbh6KdIAx2afJBxEkdc-OD7Zl6KURIRLSm5Y4YlF4x8RDMr0RrjD9RYAAB2sWhCQNJTXztkAn-iDEl1WGOgPqj1q5ZyX7-4JBJ5PK94vcnoVRGlynq8xNDITWw7sD86BkOKXOtZfpadw8fShAUIIXHR6ULPUVFFQ9m0zjabffRrUNZQ5wV33bd3Rt55SK3_C7pBuTuJGm6CSZYthflOjd7l2oCvGkx36CKDftYyptUu__lqBzfRxOQCrED82y5LLUaigE36VAC3ZGf4jqW5jInRw1WIIgRB_69ZvM83HBOVn2PMS3AAPCub0-0ZQ94y_HR8V1JUXNNzwZwVbhwQvVCII2W0Vb3dYHfR8F2UoSFO0pOu9ge4uka5oBrFJB5IIxizT5FnTAvMm852U7FmLyQy78o8da33v653VmAl0FnCktj9fBt_v00ODzzWjuqMFAKNA2UcE7_aVYIoTbZJPNmy_UA2KvBkHbP6zMVnIenrpf4PtQubP2-XZ5UnqGBpeaRtj5e-Q-4Lt7Aj-p65L8Jw5ZLaV2KVCnQzXo2nPv7pbrZofORWh6Apena5oWTpAb9NN8B9qtt6RLFgP8rSL_91rOxv2hc9P14m2X0RlsWD6KR2Et0JPKs3ZwIP30Td7gbuzxmDttnYaD9vpLRr_vrKDJFT_eH3Z8TVW5NfxcGHS_TqP5QQe5_VOIrpZa74dP8NgdwRVsX1Nie0lsqR0sggDIa95p6XjN3naQobbd9OUIX6Oo2s-lWS6JAFbZvGF7EAy7S03gHC859o-a0iMflfWMcgnUX2H2VSMDeHtWu8XZ8TtA9CUVmXolEIhV1M1eR9_oG5nkOdKeFJIddFIrxqZ48jjdVAWYD9ht7o1BKAIoEvaDe2C-kfsN7Kqtawj92KOce2-Csm_Lfb2JZz7uOi3XwK0iZzZhSEjVM27zKMBDDVXkQyWiyp1ujwEvHVzonblI2r8ILUkYjco3qGCdJ6qelt0ZqIy7SFHoOSzKH-v_-WPAbN9PHFGGSCdoAVyqHQ7i49RXtgxa-E	pnac163 (2).pdf	N/A	Courtney Baird		
https://scholarsarchive.byu.edu/studentpub/351/		N/A	Courtney Baird	Need to request full text	
https://watermark.silverchair.com/pnac163.pdf?token=AQECAHi208BE49Ooan9kkhW_Ercy7Dm3ZL_9Cf3qfKAc485ysgAAA5kwggOVBgkqhkiG9w0BBwagggOGMIIDggIBADCCA3sGCSqGSIb3DQEHATAeBglghkgBZQMEAS4wEQQMQKuxSp09FIOGSEztAgEQgIIDTIeb-DiHejR9-XGshBDFwczQUlgOF2YiaJ8p-UfEs-XzprAqLR5BbhKS33dBS4ySJhMa-5WUJTIuNNRNDcuytRtVaLUexRuqr1vOuRR-NxdJ5TKZy4sgyYY-dHEVmS5MeKJxrKXaFiLWGuQJ0hqstwlouudFdsQ7T3jTEAdjYAJnkFl99azxG30b8-xQPhm6V89-l9Ak7tViI1uGwQngprpwY-Vm8lDrwtm4rwMA6doCfyq3F4yUal3YVtcD1Dsme5gtTO5r3eBPCiHTb2xpHOsnaUsAw42JVwh2H2wArqCkKrMSNEDHsfKBTrVKVPZojdxa_ZIPuNm1OuaIy7SNNPe97zu0sep7syI9HqmJ4GIjqNDfGlub9nYNgioHupWA-ajUXMv-F1OWMxLWx1PTOmE2izYwWpw1NsQd1-b2ZW9f-CL3T9x0yjXXjQfrALXup4nAdt6PMLJeyEU5fbta2hEV-36tPcpmdFK7uMKXbPq-LOFTxkBy-pOCVFnIDkObIZiJyLdSTt3iMTfOLwkKEcW2vGczjsDRQeoesCWCnawOtDYnC_A65j9hZIksYHrdsYLwL3zXYo1gLRZqvQBl2cWRJWfohkVN6_1XRi0A17PFxPybAni4c7quAusWUmfW7f23E_A51U7zz2z2Cp5oX4-74kZ_h49x8tmaC9c8_C5e8N_5gF7FYAiiKoC9_JnGyh4dPhbLGaIaQlh5I8_9O5jvEYT8vOJiLnkjNdcxgFYDfTka5XI0RczLuEvRoB7U9sfwso7fXmGwDF2LbJ3CfjZ-guFLNL3pyIE8chphIbxmvjjVQBHEvAFgB_t5phf8R1TdqAfmgam3vVWctY8_zC3gB2dvzZCFHEJ0HQONSv6HDIC8TiaCKhppCW8QRkJnV0GE7PTxw34ZGXJBXmc3WC5KOtjDXNqAmB3vNfkOmE1WeQS2Xc5Vm5fSEXqXRgrQgKP_Ytr1wxIFwyug6ylg7j7jE6pOKQQBf7u5GChOcm0wtStsgxYLTSzvjzqYClTqjK2_5xfsp9FuaR18ZbcXaI8TxszWXa0PJMWpKP5O3Gmt4IIwvdCG1E2RFNyA0EdJkorCe9UkDbFrCKzB7TmdFcohIB07dO8VxFzdaJ0	pnac163 (3).pdf	N/A	Courtney Baird		
https://scholarsarchive.byu.edu/cgi/viewcontent.cgi?article=1391&context=studentpub	Correlation of Segmental Lumbar Kinematics with a Wearable Skin S.pdf		Courtney Baird		
https://www.researchgate.net/publication/368606827_Wearable_nanocomposite_sensor_system_for_motion_phenotyping_chronic_low_back_pain_a_BACPAC_Technology_Research_Site	Wearable_nanocomposite_sensor_system_for_motion_ph.pdf		Courtney Baird	pnac(163) #118	