file:/texts.neither.fear.nor.biomechanics/1.pdf.json,file:/texts.neither.fear.nor.biomechanics.annotated/1.pdf.json.annotations.SCIO.csv
file:/texts.neither.fear.nor.biomechanics/10.pdf.json,file:/texts.neither.fear.nor.biomechanics.annotated/10.pdf.json.annotations.SCIO.csv
file:/texts.neither.fear.nor.biomechanics/12.pdf.json,file:/texts.neither.fear.nor.biomechanics.annotated/12.pdf.json.annotations.SCIO.csv
file:/texts.neither.fear.nor.biomechanics/14.pdf.json,file:/texts.neither.fear.nor.biomechanics.annotated/14.pdf.json.annotations.SCIO.csv
file:/texts.neither.fear.nor.biomechanics/16.pdf.json,file:/texts.neither.fear.nor.biomechanics.annotated/16.pdf.json.annotations.SCIO.csv
file:/texts.neither.fear.nor.biomechanics/17.pdf.json,file:/texts.neither.fear.nor.biomechanics.annotated/17.pdf.json.annotations.SCIO.csv
file:/texts.neither.fear.nor.biomechanics/2.pdf.json,file:/texts.neither.fear.nor.biomechanics.annotated/2.pdf.json.annotations.SCIO.csv
file:/texts.neither.fear.nor.biomechanics/25.pdf.json,file:/texts.neither.fear.nor.biomechanics.annotated/25.pdf.json.annotations.SCIO.csv
file:/texts.neither.fear.nor.biomechanics/28.pdf.json,file:/texts.neither.fear.nor.biomechanics.annotated/28.pdf.json.annotations.SCIO.csv
file:/texts.neither.fear.nor.biomechanics/30.pdf.json,file:/texts.neither.fear.nor.biomechanics.annotated/30.pdf.json.annotations.SCIO.csv
file:/texts.neither.fear.nor.biomechanics/31.pdf.json,file:/texts.neither.fear.nor.biomechanics.annotated/31.pdf.json.annotations.SCIO.csv
file:/texts.neither.fear.nor.biomechanics/50.pdf.json,file:/texts.neither.fear.nor.biomechanics.annotated/50.pdf.json.annotations.SCIO.csv
file:/texts.neither.fear.nor.biomechanics/58.pdf.json,file:/texts.neither.fear.nor.biomechanics.annotated/58.pdf.json.annotations.SCIO.csv
file:/texts.neither.fear.nor.biomechanics/9.pdf.json,file:/texts.neither.fear.nor.biomechanics.annotated/9.pdf.json.annotations.SCIO.csv
