prefLabel,id,from_to,matchType,text
clinical,http://sbmi.uth.tmc.edu/ontology/ochv#C0205210,1-8|535-542|628-635|27297-27304,PREF|PREF|PREF|PREF,CLINICAL|CLINICAL|CLINICAL|CLINICAL
movement,http://sbmi.uth.tmc.edu/ontology/ochv#8292,43-50|1019-1026|1466-1473|2509-2516|4532-4539|4954-4961|7161-7168|7645-7652|10194-10201|10211-10218|10268-10275|10825-10832|11505-11512|12289-12296|12569-12576|12970-12977|13024-13031|13406-13413|17160-17167|17450-17457|17610-17617|19210-19217|19569-19576|20703-20710|21529-21536|26518-26525,PREF|PREF|PREF|PREF|PREF|PREF|PREF|PREF|PREF|PREF|PREF|PREF|PREF|PREF|PREF|PREF|PREF|PREF|PREF|PREF|PREF|PREF|PREF|PREF|PREF|PREF,MOVEMENT|MOVEMENT|MOVEMENT|MOVEMENT|MOVEMENT|MOVEMENT|MOVEMENT|MOVEMENT|MOVEMENT|MOVEMENT|MOVEMENT|MOVEMENT|MOVEMENT|MOVEMENT|MOVEMENT|MOVEMENT|MOVEMENT|MOVEMENT|MOVEMENT|MOVEMENT|MOVEMENT|MOVEMENT|MOVEMENT|MOVEMENT|MOVEMENT|MOVEMENT
anxiety,http://sbmi.uth.tmc.edu/ontology/ochv#C0003467,53-59|1033-1039|1480-1486|2523-2529|4512-4518|4968-4974|7202-7208|7683-7689|10349-10355|10357-10363|10888-10894|12579-12585|12796-12802|13051-13057|13442-13448|13966-13972|14061-14067|14453-14459|14607-14613|17487-17493|17636-17642|19245-19251|19579-19585|20715-20721|21223-21229|21335-21341|21464-21470|21542-21548|26448-26454|27075-27081,PREF|PREF|PREF|PREF|PREF|PREF|PREF|PREF|PREF|PREF|PREF|PREF|PREF|PREF|PREF|PREF|PREF|PREF|PREF|PREF|PREF|PREF|PREF|PREF|PREF|PREF|PREF|PREF|PREF|PREF,ANXIETY|ANXIETY|ANXIETY|ANXIETY|ANXIETY|ANXIETY|ANXIETY|ANXIETY|ANXIETY|ANXIETY|ANXIETY|ANXIETY|ANXIETY|ANXIETY|ANXIETY|ANXIETY|ANXIETY|ANXIETY|ANXIETY|ANXIETY|ANXIETY|ANXIETY|ANXIETY|ANXIETY|ANXIETY|ANXIETY|ANXIETY|ANXIETY|ANXIETY|ANXIETY
anxiety,http://sbmi.uth.tmc.edu/ontology/ochv#1342,53-59|1033-1039|1480-1486|2523-2529|4512-4518|4968-4974|7202-7208|7683-7689|10349-10355|10357-10363|10377-10383|10888-10894|12579-12585|12796-12802|13051-13057|13442-13448|13966-13972|14061-14067|14453-14459|14607-14613|17487-17493|17636-17642|19245-19251|19579-19585|20715-20721|21223-21229|21335-21341|21464-21470|21542-21548|26448-26454|27075-27081,PREF|PREF|PREF|PREF|PREF|PREF|PREF|PREF|PREF|PREF|SYN|PREF|PREF|PREF|PREF|PREF|PREF|PREF|PREF|PREF|PREF|PREF|PREF|PREF|PREF|PREF|PREF|PREF|PREF|PREF|PREF,ANXIETY|ANXIETY|ANXIETY|ANXIETY|ANXIETY|ANXIETY|ANXIETY|ANXIETY|ANXIETY|ANXIETY|ANXIOUS|ANXIETY|ANXIETY|ANXIETY|ANXIETY|ANXIETY|ANXIETY|ANXIETY|ANXIETY|ANXIETY|ANXIETY|ANXIETY|ANXIETY|ANXIETY|ANXIETY|ANXIETY|ANXIETY|ANXIETY|ANXIETY|ANXIETY|ANXIETY
associated,http://sbmi.uth.tmc.edu/ontology/ochv#C0332281,81-90|2812-2821|2956-2965|3255-3264|3503-3512|3793-3802|4376-4385|4980-4989|9252-9261|12619-12628|14069-14078|14461-14470|17649-17658|17893-17902|20057-20066|23556-23565|24992-25001,PREF|PREF|PREF|PREF|PREF|PREF|PREF|PREF|PREF|PREF|PREF|PREF|PREF|PREF|PREF|PREF|PREF,ASSOCIATED|ASSOCIATED|ASSOCIATED|ASSOCIATED|ASSOCIATED|ASSOCIATED|ASSOCIATED|ASSOCIATED|ASSOCIATED|ASSOCIATED|ASSOCIATED|ASSOCIATED|ASSOCIATED|ASSOCIATED|ASSOCIATED|ASSOCIATED|ASSOCIATED
persistent,http://sbmi.uth.tmc.edu/ontology/ochv#C0205322,97-106|896-905|1045-1054|2860-2869|3809-3818|4069-4078|4790-4799|4996-5005|5129-5138|8726-8735|17665-17674|17919-17928|18165-18174|18407-18416|18968-18977|19451-19460|19648-19657|21752-21761|23572-23581|24894-24903,PREF|PREF|PREF|PREF|PREF|PREF|PREF|PREF|PREF|PREF|PREF|PREF|PREF|PREF|PREF|PREF|PREF|PREF|PREF|PREF,PERSISTENT|PERSISTENT|PERSISTENT|PERSISTENT|PERSISTENT|PERSISTENT|PERSISTENT|PERSISTENT|PERSISTENT|PERSISTENT|PERSISTENT|PERSISTENT|PERSISTENT|PERSISTENT|PERSISTENT|PERSISTENT|PERSISTENT|PERSISTENT|PERSISTENT|PERSISTENT
severe,http://sbmi.uth.tmc.edu/ontology/ochv#C0205082,109-114|908-913|1057-1062|2128-2133|2235-2240|2348-2353|2572-2577|2872-2877|3669-3674|4081-4086|4810-4815|5008-5013|5141-5146|8232-8237|8305-8310|8539-8544|8643-8648|8665-8670|9303-9308|9706-9711|11586-11591|11615-11620|11677-11682|11728-11733|11779-11784|11803-11808|11839-11844|12090-12095|12166-12171|12414-12419|12666-12671|13239-13244|13824-13829|14085-14090|14287-14292|14477-14482|14654-14659|14756-14761|14850-14855|14901-14906|15042-15047|15076-15081|15190-15195|15381-15386|15552-15557|15911-15916|16041-16046|16193-16198|16480-16485|16731-16736|16809-16814|16827-16832|17276-17281|17677-17682|17931-17936|18051-18056|18177-18182|18352-18357|18419-18424|18636-18641|19443-19448|19660-19665|19782-19787|19902-19907|20758-20763|21368-21373|23584-23589|24844-24849|24906-24911,PREF|PREF|PREF|PREF|PREF|PREF|PREF|PREF|PREF|PREF|PREF|PREF|PREF|PREF|PREF|PREF|PREF|PREF|PREF|PREF|PREF|PREF|PREF|PREF|PREF|PREF|PREF|PREF|PREF|PREF|PREF|PREF|PREF|PREF|PREF|PREF|PREF|PREF|PREF|PREF|PREF|PREF|PREF|PREF|PREF|PREF|PREF|PREF|PREF|PREF|PREF|PREF|PREF|PREF|PREF|PREF|PREF|PREF|PREF|PREF|PREF|PREF|PREF|PREF|PREF|PREF|PREF|PREF|PREF,SEVERE|SEVERE|SEVERE|SEVERE|SEVERE|SEVERE|SEVERE|SEVERE|SEVERE|SEVERE|SEVERE|SEVERE|SEVERE|SEVERE|SEVERE|SEVERE|SEVERE|SEVERE|SEVERE|SEVERE|SEVERE|SEVERE|SEVERE|SEVERE|SEVERE|SEVERE|SEVERE|SEVERE|SEVERE|SEVERE|SEVERE|SEVERE|SEVERE|SEVERE|SEVERE|SEVERE|SEVERE|SEVERE|SEVERE|SEVERE|SEVERE|SEVERE|SEVERE|SEVERE|SEVERE|SEVERE|SEVERE|SEVERE|SEVERE|SEVERE|SEVERE|SEVERE|SEVERE|SEVERE|SEVERE|SEVERE|SEVERE|SEVERE|SEVERE|SEVERE|SEVERE|SEVERE|SEVERE|SEVERE|SEVERE|SEVERE|SEVERE|SEVERE|SEVERE
low back pain,http://sbmi.uth.tmc.edu/ontology/ochv#7549,116-128|852-864|867-869|915-917|1064-1066|1256-1258|2242-2244|2355-2357|2579-2581|2879-2881|2945-2947|3171-3173|3176-3188|3191-3193|3322-3324|3491-3493|3820-3822|4088-4090|4131-4133|4304-4306|4412-4414|4545-4547|4625-4627|4817-4819|5015-5017|5148-5150|5287-5289|5828-5830|8370-8372|9310-9312|9805-9807|11423-11425|11593-11595|11786-11788|11810-11812|11846-11848|12072-12074|12173-12175|12421-12423|12673-12675|13579-13581|13734-13736|15348-15350|15559-15571|16200-16202|16503-16505|16641-16643|17047-17049|17184-17186|17189-17201|17684-17686|17938-17940|18058-18060|18289-18291|18359-18361|18426-18428|18577-18579|18783-18785|18855-18857|18979-18981|19462-19464|19667-19669|19789-19791|20073-20075|20497-20499|20765-20767|20979-20981|21084-21086|21148-21150|21253-21255|21375-21377|21633-21635|21778-21780|22036-22038|22603-22605|22881-22883|23184-23186|23304-23306|23591-23593|23631-23633|24244-24246|24408-24410|24851-24853|24913-24915|24980-24982|25204-25206|25328-25340|25409-25421|25570-25582|25590-25602|25751-25763|25816-25828|25903-25915|26021-26033|26095-26107|26244-26256|26376-26388|26542-26554|26557-26569|26624-26636|26782-26794|26953-26965|27224-27236,PREF|PREF|SYN|SYN|SYN|SYN|SYN|SYN|SYN|SYN|SYN|SYN|PREF|SYN|SYN|SYN|SYN|SYN|SYN|SYN|SYN|SYN|SYN|SYN|SYN|SYN|SYN|SYN|SYN|SYN|SYN|SYN|SYN|SYN|SYN|SYN|SYN|SYN|SYN|SYN|SYN|SYN|SYN|PREF|SYN|SYN|SYN|SYN|SYN|PREF|SYN|SYN|SYN|SYN|SYN|SYN|SYN|SYN|SYN|SYN|SYN|SYN|SYN|SYN|SYN|SYN|SYN|SYN|SYN|SYN|SYN|SYN|SYN|SYN|SYN|SYN|SYN|SYN|SYN|SYN|SYN|SYN|SYN|SYN|SYN|SYN|PREF|PREF|PREF|PREF|PREF|PREF|PREF|PREF|PREF|PREF|PREF|PREF|PREF|PREF|PREF|PREF|PREF,LOW BACK PAIN|LOW BACK PAIN|LBP|LBP|LBP|LBP|LBP|LBP|LBP|LBP|LBP|LBP|LOW BACK PAIN|LBP|LBP|LBP|LBP|LBP|LBP|LBP|LBP|LBP|LBP|LBP|LBP|LBP|LBP|LBP|LBP|LBP|LBP|LBP|LBP|LBP|LBP|LBP|LBP|LBP|LBP|LBP|LBP|LBP|LBP|LOW BACK PAIN|LBP|LBP|LBP|LBP|LBP|LOW BACK PAIN|LBP|LBP|LBP|LBP|LBP|LBP|LBP|LBP|LBP|LBP|LBP|LBP|LBP|LBP|LBP|LBP|LBP|LBP|LBP|LBP|LBP|LBP|LBP|LBP|LBP|LBP|LBP|LBP|LBP|LBP|LBP|LBP|LBP|LBP|LBP|LBP|LOW BACK PAIN|LOW BACK PAIN|LOW BACK PAIN|LOW BACK PAIN|LOW BACK PAIN|LOW BACK PAIN|LOW BACK PAIN|LOW BACK PAIN|LOW BACK PAIN|LOW BACK PAIN|LOW BACK PAIN|LOW BACK PAIN|LOW BACK PAIN|LOW BACK PAIN|LOW BACK PAIN|LOW BACK PAIN|LOW BACK PAIN
low,http://sbmi.uth.tmc.edu/ontology/ochv#C0205251,116-118|852-854|3176-3178|6878-6880|10058-10060|15197-15199|15559-15561|15918-15920|16834-16836|17189-17191|24572-24574|25328-25330|25409-25411|25570-25572|25590-25592|25751-25753|25816-25818|25903-25905|26021-26023|26095-26097|26244-26246|26376-26378|26542-26544|26557-26559|26624-26626|26782-26784|26840-26842|26953-26955|27178-27180|27224-27226,PREF|PREF|PREF|PREF|PREF|PREF|PREF|PREF|PREF|PREF|PREF|PREF|PREF|PREF|PREF|PREF|PREF|PREF|PREF|PREF|PREF|PREF|PREF|PREF|PREF|PREF|PREF|PREF|PREF|PREF,LOW|LOW|LOW|LOW|LOW|LOW|LOW|LOW|LOW|LOW|LOW|LOW|LOW|LOW|LOW|LOW|LOW|LOW|LOW|LOW|LOW|LOW|LOW|LOW|LOW|LOW|LOW|LOW|LOW|LOW
back pain,http://sbmi.uth.tmc.edu/ontology/ochv#1662,120-128|856-864|3180-3188|15563-15571|17193-17201|23960-23971|23960-23968|25332-25340|25413-25421|25574-25582|25594-25602|25755-25763|25820-25828|25907-25915|26025-26033|26099-26110|26099-26107|26248-26256|26380-26388|26546-26554|26561-26569|26628-26636|26786-26794|26844-26852|26957-26965|27182-27190|27228-27236,PREF|PREF|PREF|PREF|PREF|SYN|PREF|PREF|PREF|PREF|PREF|PREF|PREF|PREF|PREF|SYN|PREF|PREF|PREF|PREF|PREF|PREF|PREF|PREF|PREF|PREF|PREF,BACK PAIN|BACK PAIN|BACK PAIN|BACK PAIN|BACK PAIN|BACK PAIN IN|BACK PAIN|BACK PAIN|BACK PAIN|BACK PAIN|BACK PAIN|BACK PAIN|BACK PAIN|BACK PAIN|BACK PAIN|BACK PAIN IN|BACK PAIN|BACK PAIN|BACK PAIN|BACK PAIN|BACK PAIN|BACK PAIN|BACK PAIN|BACK PAIN|BACK PAIN|BACK PAIN|BACK PAIN
back pain,http://sbmi.uth.tmc.edu/ontology/ochv#C0004604,120-128|856-864|3180-3188|15563-15571|17193-17201|23960-23968|25332-25340|25413-25421|25574-25582|25594-25602|25755-25763|25820-25828|25907-25915|26025-26033|26099-26107|26248-26256|26380-26388|26546-26554|26561-26569|26628-26636|26786-26794|26844-26852|26957-26965|27182-27190|27228-27236,PREF|PREF|PREF|PREF|PREF|PREF|PREF|PREF|PREF|PREF|PREF|PREF|PREF|PREF|PREF|PREF|PREF|PREF|PREF|PREF|PREF|PREF|PREF|PREF|PREF,BACK PAIN|BACK PAIN|BACK PAIN|BACK PAIN|BACK PAIN|BACK PAIN|BACK PAIN|BACK PAIN|BACK PAIN|BACK PAIN|BACK PAIN|BACK PAIN|BACK PAIN|BACK PAIN|BACK PAIN|BACK PAIN|BACK PAIN|BACK PAIN|BACK PAIN|BACK PAIN|BACK PAIN|BACK PAIN|BACK PAIN|BACK PAIN|BACK PAIN
pain,http://sbmi.uth.tmc.edu/ontology/ochv#C0030193,125-128|861-864|1586-1589|1674-1677|2135-2138|3185-3188|3676-3679|8004-8007|8116-8119|8312-8315|8571-8574|8887-8890|9071-9074|9109-9112|9713-9716|10148-10151|10337-10340|11359-11362|11622-11625|11684-11687|11735-11738|11947-11950|12097-12100|13132-13135|13213-13216|13246-13249|13831-13834|14092-14095|14294-14297|14484-14487|14661-14664|15568-15571|17198-17201|18184-18187|18514-18517|18643-18646|18815-18818|19909-19912|20145-20148|21865-21868|22155-22158|22262-22265|22284-22287|22415-22418|22698-22701|23822-23825|23965-23968|24201-24204|24509-24512|25337-25340|25418-25421|25579-25582|25599-25602|25760-25763|25825-25828|25912-25915|26030-26033|26104-26107|26253-26256|26385-26388|26551-26554|26566-26569|26633-26636|26663-26666|26747-26750|26791-26794|26849-26852|26962-26965|27084-27087|27094-27097|27129-27132|27187-27190|27233-27236,PREF|PREF|PREF|PREF|PREF|PREF|PREF|PREF|PREF|PREF|PREF|PREF|PREF|PREF|PREF|PREF|PREF|PREF|PREF|PREF|PREF|PREF|PREF|PREF|PREF|PREF|PREF|PREF|PREF|PREF|PREF|PREF|PREF|PREF|PREF|PREF|PREF|PREF|PREF|PREF|PREF|PREF|PREF|PREF|PREF|PREF|PREF|PREF|PREF|PREF|PREF|PREF|PREF|PREF|PREF|PREF|PREF|PREF|PREF|PREF|PREF|PREF|PREF|PREF|PREF|PREF|PREF|PREF|PREF|PREF|PREF|PREF|PREF,PAIN|PAIN|PAIN|PAIN|PAIN|PAIN|PAIN|PAIN|PAIN|PAIN|PAIN|PAIN|PAIN|PAIN|PAIN|PAIN|PAIN|PAIN|PAIN|PAIN|PAIN|PAIN|PAIN|PAIN|PAIN|PAIN|PAIN|PAIN|PAIN|PAIN|PAIN|PAIN|PAIN|PAIN|PAIN|PAIN|PAIN|PAIN|PAIN|PAIN|PAIN|PAIN|PAIN|PAIN|PAIN|PAIN|PAIN|PAIN|PAIN|PAIN|PAIN|PAIN|PAIN|PAIN|PAIN|PAIN|PAIN|PAIN|PAIN|PAIN|PAIN|PAIN|PAIN|PAIN|PAIN|PAIN|PAIN|PAIN|PAIN|PAIN|PAIN|PAIN|PAIN
pain,http://sbmi.uth.tmc.edu/ontology/ochv#9185,125-128|861-864|1586-1589|1674-1677|2135-2138|3185-3188|3676-3679|8004-8007|8116-8119|8312-8315|8571-8574|8887-8890|9071-9074|9109-9112|9713-9716|10148-10151|10337-10340|11359-11362|11622-11625|11684-11687|11735-11738|11947-11950|12097-12100|13132-13135|13213-13216|13246-13249|13831-13834|14092-14095|14294-14297|14484-14487|14661-14664|15568-15571|17198-17201|18184-18187|18514-18517|18643-18646|18815-18818|19909-19912|20145-20148|21865-21868|22155-22158|22262-22265|22284-22287|22415-22418|22698-22701|23822-23825|23965-23968|24201-24204|24509-24512|25337-25340|25418-25421|25579-25582|25599-25602|25760-25763|25825-25828|25912-25915|26030-26033|26104-26107|26253-26256|26385-26388|26551-26554|26566-26569|26633-26636|26663-26666|26747-26750|26791-26794|26849-26852|26962-26965|27084-27087|27094-27097|27129-27132|27187-27190|27233-27236,PREF|PREF|PREF|PREF|PREF|PREF|PREF|PREF|PREF|PREF|PREF|PREF|PREF|PREF|PREF|PREF|PREF|PREF|PREF|PREF|PREF|PREF|PREF|PREF|PREF|PREF|PREF|PREF|PREF|PREF|PREF|PREF|PREF|PREF|PREF|PREF|PREF|PREF|PREF|PREF|PREF|PREF|PREF|PREF|PREF|PREF|PREF|PREF|PREF|PREF|PREF|PREF|PREF|PREF|PREF|PREF|PREF|PREF|PREF|PREF|PREF|PREF|PREF|PREF|PREF|PREF|PREF|PREF|PREF|PREF|PREF|PREF|PREF,PAIN|PAIN|PAIN|PAIN|PAIN|PAIN|PAIN|PAIN|PAIN|PAIN|PAIN|PAIN|PAIN|PAIN|PAIN|PAIN|PAIN|PAIN|PAIN|PAIN|PAIN|PAIN|PAIN|PAIN|PAIN|PAIN|PAIN|PAIN|PAIN|PAIN|PAIN|PAIN|PAIN|PAIN|PAIN|PAIN|PAIN|PAIN|PAIN|PAIN|PAIN|PAIN|PAIN|PAIN|PAIN|PAIN|PAIN|PAIN|PAIN|PAIN|PAIN|PAIN|PAIN|PAIN|PAIN|PAIN|PAIN|PAIN|PAIN|PAIN|PAIN|PAIN|PAIN|PAIN|PAIN|PAIN|PAIN|PAIN|PAIN|PAIN|PAIN|PAIN|PAIN
disability,http://sbmi.uth.tmc.edu/ontology/ochv#C0231170,134-143|1073-1082|1701-1710|1757-1766|2143-2152|2265-2274|2362-2371|2587-2596|2888-2897|3224-3233|3514-3523|4097-4106|4420-4429|4825-4834|5024-5033|8354-8363|8432-8441|8650-8659|8672-8681|8737-8746|8896-8905|9080-9089|9118-9127|9318-9327|9722-9731|11152-11161|14763-14772|14857-14866|14908-14917|15049-15058|15083-15092|15206-15215|15388-15397|15927-15936|16048-16057|16487-16496|16738-16747|16816-16825|16843-16852|17283-17292|17693-17702|17947-17956|18066-18075|18194-18203|18375-18384|18434-18443|18523-18532|18652-18661|19676-19685|19797-19806|19918-19927|20193-20202|20505-20514|20773-20782|20987-20996|21383-21392|22762-22771|22889-22898|23600-23609|24543-24552|24588-24597|24859-24868|24922-24931|25714-25723|26672-26681|26756-26765|27107-27116,PREF|PREF|PREF|PREF|PREF|PREF|PREF|PREF|PREF|PREF|PREF|PREF|PREF|PREF|PREF|PREF|PREF|PREF|PREF|PREF|PREF|PREF|PREF|PREF|PREF|PREF|PREF|PREF|PREF|PREF|PREF|PREF|PREF|PREF|PREF|PREF|PREF|PREF|PREF|PREF|PREF|PREF|PREF|PREF|PREF|PREF|PREF|PREF|PREF|PREF|PREF|PREF|PREF|PREF|PREF|PREF|PREF|PREF|PREF|PREF|PREF|PREF|PREF|PREF|PREF|PREF|PREF,DISABILITY|DISABILITY|DISABILITY|DISABILITY|DISABILITY|DISABILITY|DISABILITY|DISABILITY|DISABILITY|DISABILITY|DISABILITY|DISABILITY|DISABILITY|DISABILITY|DISABILITY|DISABILITY|DISABILITY|DISABILITY|DISABILITY|DISABILITY|DISABILITY|DISABILITY|DISABILITY|DISABILITY|DISABILITY|DISABILITY|DISABILITY|DISABILITY|DISABILITY|DISABILITY|DISABILITY|DISABILITY|DISABILITY|DISABILITY|DISABILITY|DISABILITY|DISABILITY|DISABILITY|DISABILITY|DISABILITY|DISABILITY|DISABILITY|DISABILITY|DISABILITY|DISABILITY|DISABILITY|DISABILITY|DISABILITY|DISABILITY|DISABILITY|DISABILITY|DISABILITY|DISABILITY|DISABILITY|DISABILITY|DISABILITY|DISABILITY|DISABILITY|DISABILITY|DISABILITY|DISABILITY|DISABILITY|DISABILITY|DISABILITY|DISABILITY|DISABILITY|DISABILITY
epidemiology,http://sbmi.uth.tmc.edu/ontology/ochv#4543,162-173,PREF,EPIDEMIOLOGY
epidemiology,http://sbmi.uth.tmc.edu/ontology/ochv#C0014507,162-173,PREF,EPIDEMIOLOGY
preventive medicine,http://sbmi.uth.tmc.edu/ontology/ochv#10105,179-197|228-246,PREF|PREF,PREVENTIVE MEDICINE|PREVENTIVE MEDICINE
preventive medicine,http://sbmi.uth.tmc.edu/ontology/ochv#C0033110,179-197|228-246,PREF|PREF,PREVENTIVE MEDICINE|PREVENTIVE MEDICINE
preventive,http://sbmi.uth.tmc.edu/ontology/ochv#C0445202,179-188|228-237,PREF|PREF,PREVENTIVE|PREVENTIVE
medicine,http://sbmi.uth.tmc.edu/ontology/ochv#7863,190-197|239-246|544-551,PREF|PREF|PREF,MEDICINE|MEDICINE|MEDICINE
school,http://sbmi.uth.tmc.edu/ontology/ochv#C0036375,200-205,PREF,SCHOOL
public,http://sbmi.uth.tmc.edu/ontology/ochv#C0678367,210-215,PREF,PUBLIC
public,http://sbmi.uth.tmc.edu/ontology/ochv#42809,210-215,PREF,PUBLIC
health,http://sbmi.uth.tmc.edu/ontology/ochv#C0018684,217-222|3766-3771,PREF|PREF,HEALTH|HEALTH
health,http://sbmi.uth.tmc.edu/ontology/ochv#5822,217-222|3766-3771,PREF|PREF,HEALTH|HEALTH
university,http://sbmi.uth.tmc.edu/ontology/ochv#C0041740,256-265|561-570|6808-6817,PREF|PREF|PREF,UNIVERSITY|UNIVERSITY|UNIVERSITY
hospital,http://sbmi.uth.tmc.edu/ontology/ochv#C0019994,275-282|393-400|481-488,PREF|PREF|PREF,HOSPITAL|HOSPITAL|HOSPITAL
Australia,http://sbmi.uth.tmc.edu/ontology/ochv#C0004340,323-331,PREF,AUSTRALIA
Australia,http://sbmi.uth.tmc.edu/ontology/ochv#1595,323-331,PREF,AUSTRALIA
research,http://sbmi.uth.tmc.edu/ontology/ochv#10739,349-356|6653-6660,PREF|PREF,RESEARCH|RESEARCH
research,http://sbmi.uth.tmc.edu/ontology/ochv#C0035168,349-356|6653-6660,PREF|PREF,RESEARCH|RESEARCH
spine,http://sbmi.uth.tmc.edu/ontology/ochv#C0037949,359-363|1870-1874|5335-5339|5724-5728|6036-6040|6066-6070|6474-6478|6982-6986|7253-7257,PREF|PREF|PREF|PREF|PREF|PREF|PREF|PREF|PREF,SPINE|SPINE|SPINE|SPINE|SPINE|SPINE|SPINE|SPINE|SPINE
denmark,http://sbmi.uth.tmc.edu/ontology/ochv#3700,384-390|426-432|512-518|581-587|659-665|1215-1221|1896-1902|5360-5366|6639-6645,PREF|PREF|PREF|PREF|PREF|PREF|PREF|PREF|PREF,DENMARK|DENMARK|DENMARK|DENMARK|DENMARK|DENMARK|DENMARK|DENMARK|DENMARK
denmark,http://sbmi.uth.tmc.edu/ontology/ochv#C0011318,384-390|426-432|512-518|581-587|659-665|1215-1221|1896-1902|5360-5366|6639-6645,PREF|PREF|PREF|PREF|PREF|PREF|PREF|PREF|PREF,DENMARK|DENMARK|DENMARK|DENMARK|DENMARK|DENMARK|DENMARK|DENMARK|DENMARK
institute,http://sbmi.uth.tmc.edu/ontology/ochv#C0021622,522-530|598-606,PREF|PREF,INSTITUTE|INSTITUTE
clinical medicine,http://sbmi.uth.tmc.edu/ontology/ochv#3040,535-551,PREF,CLINICAL MEDICINE
clinical medicine,http://sbmi.uth.tmc.edu/ontology/ochv#C0008964,535-551,PREF,CLINICAL MEDICINE
nordic,http://sbmi.uth.tmc.edu/ontology/ochv#29231,591-596,PREF,NORDIC
nordic,http://sbmi.uth.tmc.edu/ontology/ochv#C0331873,591-596,PREF,NORDIC
biomechanics,http://sbmi.uth.tmc.edu/ontology/ochv#1899,637-648,PREF,BIOMECHANICS
biomechanics,http://sbmi.uth.tmc.edu/ontology/ochv#C0005537,637-648,PREF,BIOMECHANICS
2019,http://sbmi.uth.tmc.edu/ontology/ochv#2019,684-687,PREF,2019
context,http://sbmi.uth.tmc.edu/ontology/ochv#C0449255,761-767,PREF,CONTEXT
context,http://sbmi.uth.tmc.edu/ontology/ochv#35774,761-767,PREF,CONTEXT
psychological,http://sbmi.uth.tmc.edu/ontology/ochv#C1306597,770-782|1386-1398|2076-2088|2693-2705|2985-2997|4225-4237|4599-4611|4765-4777|4890-4902|5068-5080|7060-7072|7517-7529|8872-8884|9056-9068|9223-9235|9526-9538|9680-9692|10620-10632|10700-10712|11440-11452|12349-12361|12851-12863|13798-13810|14261-14273|15494-15506|15810-15822|15854-15866|15976-15988|16340-16352|16705-16717|17809-17821|18000-18012|19313-19325|19509-19521|20359-20371|20447-20459|20824-20836|21971-21983|23100-23112|23436-23448|23732-23744|23855-23867|23917-23929|24253-24265|24639-24651|24713-24725|24791-24803|25021-25033|25664-25676,PREF|PREF|PREF|PREF|PREF|PREF|PREF|PREF|PREF|PREF|PREF|PREF|PREF|PREF|PREF|PREF|PREF|PREF|PREF|PREF|PREF|PREF|PREF|PREF|PREF|PREF|PREF|PREF|PREF|PREF|PREF|PREF|PREF|PREF|PREF|PREF|PREF|PREF|PREF|PREF|PREF|PREF|PREF|PREF|PREF|PREF|PREF|PREF|PREF,PSYCHOLOGICAL|PSYCHOLOGICAL|PSYCHOLOGICAL|PSYCHOLOGICAL|PSYCHOLOGICAL|PSYCHOLOGICAL|PSYCHOLOGICAL|PSYCHOLOGICAL|PSYCHOLOGICAL|PSYCHOLOGICAL|PSYCHOLOGICAL|PSYCHOLOGICAL|PSYCHOLOGICAL|PSYCHOLOGICAL|PSYCHOLOGICAL|PSYCHOLOGICAL|PSYCHOLOGICAL|PSYCHOLOGICAL|PSYCHOLOGICAL|PSYCHOLOGICAL|PSYCHOLOGICAL|PSYCHOLOGICAL|PSYCHOLOGICAL|PSYCHOLOGICAL|PSYCHOLOGICAL|PSYCHOLOGICAL|PSYCHOLOGICAL|PSYCHOLOGICAL|PSYCHOLOGICAL|PSYCHOLOGICAL|PSYCHOLOGICAL|PSYCHOLOGICAL|PSYCHOLOGICAL|PSYCHOLOGICAL|PSYCHOLOGICAL|PSYCHOLOGICAL|PSYCHOLOGICAL|PSYCHOLOGICAL|PSYCHOLOGICAL|PSYCHOLOGICAL|PSYCHOLOGICAL|PSYCHOLOGICAL|PSYCHOLOGICAL|PSYCHOLOGICAL|PSYCHOLOGICAL|PSYCHOLOGICAL|PSYCHOLOGICAL|PSYCHOLOGICAL|PSYCHOLOGICAL
psychological,http://sbmi.uth.tmc.edu/ontology/ochv#57896,770-782|1386-1398|2076-2088|2693-2705|2985-2997|4225-4237|4599-4611|4765-4777|4890-4902|5068-5080|7060-7072|7517-7529|8872-8884|9056-9068|9223-9235|9526-9538|9680-9692|10620-10632|10700-10712|11440-11452|12349-12361|12851-12863|13798-13810|14261-14273|15494-15506|15810-15822|15854-15866|15976-15988|16340-16352|16705-16717|17809-17821|18000-18012|19313-19325|19509-19521|20359-20371|20447-20459|20824-20836|21971-21983|23100-23112|23436-23448|23732-23744|23855-23867|23917-23929|24253-24265|24639-24651|24713-24725|24791-24803|25021-25033|25664-25676,PREF|PREF|PREF|PREF|PREF|PREF|PREF|PREF|PREF|PREF|PREF|PREF|PREF|PREF|PREF|PREF|PREF|PREF|PREF|PREF|PREF|PREF|PREF|PREF|PREF|PREF|PREF|PREF|PREF|PREF|PREF|PREF|PREF|PREF|PREF|PREF|PREF|PREF|PREF|PREF|PREF|PREF|PREF|PREF|PREF|PREF|PREF|PREF|PREF,PSYCHOLOGICAL|PSYCHOLOGICAL|PSYCHOLOGICAL|PSYCHOLOGICAL|PSYCHOLOGICAL|PSYCHOLOGICAL|PSYCHOLOGICAL|PSYCHOLOGICAL|PSYCHOLOGICAL|PSYCHOLOGICAL|PSYCHOLOGICAL|PSYCHOLOGICAL|PSYCHOLOGICAL|PSYCHOLOGICAL|PSYCHOLOGICAL|PSYCHOLOGICAL|PSYCHOLOGICAL|PSYCHOLOGICAL|PSYCHOLOGICAL|PSYCHOLOGICAL|PSYCHOLOGICAL|PSYCHOLOGICAL|PSYCHOLOGICAL|PSYCHOLOGICAL|PSYCHOLOGICAL|PSYCHOLOGICAL|PSYCHOLOGICAL|PSYCHOLOGICAL|PSYCHOLOGICAL|PSYCHOLOGICAL|PSYCHOLOGICAL|PSYCHOLOGICAL|PSYCHOLOGICAL|PSYCHOLOGICAL|PSYCHOLOGICAL|PSYCHOLOGICAL|PSYCHOLOGICAL|PSYCHOLOGICAL|PSYCHOLOGICAL|PSYCHOLOGICAL|PSYCHOLOGICAL|PSYCHOLOGICAL|PSYCHOLOGICAL|PSYCHOLOGICAL|PSYCHOLOGICAL|PSYCHOLOGICAL|PSYCHOLOGICAL|PSYCHOLOGICAL|PSYCHOLOGICAL
progression,http://sbmi.uth.tmc.edu/ontology/ochv#C0449258,837-847,PREF,PROGRESSION
role,http://sbmi.uth.tmc.edu/ontology/ochv#10933,888-891|4757-4760|5194-5197|14599-14602|21565-21568|22357-22360|26149-26152,PREF|PREF|PREF|PREF|PREF|PREF|PREF,ROLE|ROLE|ROLE|ROLE|ROLE|ROLE|ROLE
purpose,http://sbmi.uth.tmc.edu/ontology/ochv#C0449256,931-937,PREF,PURPOSE
relationship,http://sbmi.uth.tmc.edu/ontology/ochv#C0439849,959-970|2449-2460|4486-4497|12328-12339|15833-15844|20158-20169|24764-24775,PREF|PREF|PREF|PREF|PREF|PREF|PREF,RELATIONSHIP|RELATIONSHIP|RELATIONSHIP|RELATIONSHIP|RELATIONSHIP|RELATIONSHIP|RELATIONSHIP
study design,http://sbmi.uth.tmc.edu/ontology/ochv#C0035171,1085-1096,PREF,STUDY DESIGN
setting,http://sbmi.uth.tmc.edu/ontology/ochv#C0542559,1099-1105,PREF,SETTING
year,http://sbmi.uth.tmc.edu/ontology/ochv#C0439234,1112-1115|2175-2178|6441-6444|10981-10984|17541-17544|24373-24376,PREF|PREF|PREF|PREF|PREF|PREF,YEAR|YEAR|YEAR|YEAR|YEAR|YEAR
cohort study,http://sbmi.uth.tmc.edu/ontology/ochv#C0009247,1129-1140|5222-5233|17559-17570|24351-24362,PREF|PREF|PREF|PREF,COHORT STUDY|COHORT STUDY|COHORT STUDY|COHORT STUDY
cohort,http://sbmi.uth.tmc.edu/ontology/ochv#42076,1129-1134|5222-5227|7321-7327|10101-10106|17559-17564|19360-19365|24351-24356|25740-25746,PREF|PREF|SYN|PREF|PREF|PREF|PREF|SYN,COHORT|COHORT|COHORTS|COHORT|COHORT|COHORT|COHORT|COHORTS
cohort,http://sbmi.uth.tmc.edu/ontology/ochv#C0599755,1129-1134|5222-5227|10101-10106|17559-17564|19360-19365|24351-24356,PREF|PREF|PREF|PREF|PREF|PREF,COHORT|COHORT|COHORT|COHORT|COHORT|COHORT
patient,http://sbmi.uth.tmc.edu/ontology/ochv#C0030705,1143-1149|23412-23418|23981-23987|24163-24169,PREF|PREF|PREF|PREF,PATIENT|PATIENT|PATIENT|PATIENT
patients,http://sbmi.uth.tmc.edu/ontology/ochv#9372,1143-1149|5273-5280|5450-5457|5797-5804|6050-6057|6249-6256|6320-6327|6912-6919|23161-23168|23412-23418|23981-23987|24163-24169|26007-26014|26218-26225|26796-26803|27134-27141,SYN|PREF|PREF|PREF|PREF|PREF|PREF|PREF|PREF|SYN|SYN|SYN|PREF|PREF|PREF|PREF,PATIENT|PATIENTS|PATIENTS|PATIENTS|PATIENTS|PATIENTS|PATIENTS|PATIENTS|PATIENTS|PATIENT|PATIENT|PATIENT|PATIENTS|PATIENTS|PATIENTS|PATIENTS
participant,http://sbmi.uth.tmc.edu/ontology/ochv#43099,1159-1170|1792-1803|2213-2224|7014-7025|7409-7420|7698-7709|8249-8260|8584-8595|8750-8760|8836-8847|10913-10924|11041-11052|11518-11528|13493-13503|18330-18341,SYN|SYN|SYN|SYN|SYN|SYN|SYN|SYN|PREF|SYN|SYN|SYN|PREF|PREF|SYN,PARTICIPANTS|PARTICIPANTS|PARTICIPANTS|PARTICIPANTS|PARTICIPANTS|PARTICIPANTS|PARTICIPANTS|PARTICIPANTS|PARTICIPANT|PARTICIPANTS|PARTICIPANTS|PARTICIPANTS|PARTICIPANT|PARTICIPANT|PARTICIPANTS
registry,http://sbmi.uth.tmc.edu/ontology/ochv#C0034975,1205-1212|5263-5270|5390-5397|5601-5608|5664-5671|7264-7271,PREF|PREF|PREF|PREF|PREF|PREF,REGISTRY|REGISTRY|REGISTRY|REGISTRY|REGISTRY|REGISTRY
duration,http://sbmi.uth.tmc.edu/ontology/ochv#C0449238,1278-1285|2653-2660|5850-5857|9438-9445|9503-9510|11230-11237|12520-12527|15155-15162|15702-15709|15787-15794|16156-16163|16403-16410|16982-16989|17755-17762|18602-18609,PREF|PREF|PREF|PREF|PREF|PREF|PREF|PREF|PREF|PREF|PREF|PREF|PREF|PREF|PREF,DURATION|DURATION|DURATION|DURATION|DURATION|DURATION|DURATION|DURATION|DURATION|DURATION|DURATION|DURATION|DURATION|DURATION|DURATION
duration,http://sbmi.uth.tmc.edu/ontology/ochv#35766,1278-1285|2653-2660|5850-5857|9438-9445|9503-9510|11230-11237|12520-12527|15155-15162|15702-15709|15787-15794|16156-16163|16403-16410|16982-16989|17755-17762|18602-18609,PREF|PREF|PREF|PREF|PREF|PREF|PREF|PREF|PREF|PREF|PREF|PREF|PREF|PREF|PREF,DURATION|DURATION|DURATION|DURATION|DURATION|DURATION|DURATION|DURATION|DURATION|DURATION|DURATION|DURATION|DURATION|DURATION|DURATION
radiculopathy,http://sbmi.uth.tmc.edu/ontology/ochv#C0700594,1295-1307|5874-5886,PREF|PREF,RADICULOPATHY|RADICULOPATHY
radiculopathy,http://sbmi.uth.tmc.edu/ontology/ochv#44834,1295-1307|5874-5886,PREF|PREF,RADICULOPATHY|RADICULOPATHY
primary,http://sbmi.uth.tmc.edu/ontology/ochv#C0205225,1346-1352|5916-5922|9588-9594|9998-10004|20477-20483|26112-26118|26917-26923,PREF|PREF|PREF|PREF|PREF|PREF|PREF,PRIMARY|PRIMARY|PRIMARY|PRIMARY|PRIMARY|PRIMARY|PRIMARY
primary,http://sbmi.uth.tmc.edu/ontology/ochv#20418,1346-1352|5916-5922|9588-9594|9998-10004|20477-20483|26112-26118|26917-26923,PREF|PREF|PREF|PREF|PREF|PREF|PREF,PRIMARY|PRIMARY|PRIMARY|PRIMARY|PRIMARY|PRIMARY|PRIMARY
intervention,http://sbmi.uth.tmc.edu/ontology/ochv#C0886296,1354-1365,PREF,INTERVENTION
interventions,http://sbmi.uth.tmc.edu/ontology/ochv#52243,1354-1365|5924-5936|6164-6176|21914-21926,SYN|PREF|PREF|PREF,INTERVENTION|INTERVENTIONS|INTERVENTIONS|INTERVENTIONS
outcome measures,http://sbmi.uth.tmc.edu/ontology/ochv#C0086749,1368-1383,PREF,OUTCOME MEASURES
outcome measures,http://sbmi.uth.tmc.edu/ontology/ochv#15999,1368-1383,PREF,OUTCOME MEASURES
measures,http://sbmi.uth.tmc.edu/ontology/ochv#15235,1376-1383|20967-20974|24452-24459,PREF|PREF|PREF,MEASURES|MEASURES|MEASURES
including,http://sbmi.uth.tmc.edu/ontology/ochv#C0332257,1417-1425|3936-3944|6112-6120|19045-19053|19532-19540|22608-22616|24463-24471,PREF|PREF|PREF|PREF|PREF|PREF|PREF,INCLUDING|INCLUDING|INCLUDING|INCLUDING|INCLUDING|INCLUDING|INCLUDING
examined,http://sbmi.uth.tmc.edu/ontology/ochv#C0332128,1494-1501|9878-9885|20385-20392,PREF|PREF|PREF,EXAMINED|EXAMINED|EXAMINED
baseline,http://sbmi.uth.tmc.edu/ontology/ochv#18092,1506-1513|1815-1822|6426-6433|6924-6931|8163-8170|8463-8470|10939-10946|11071-11078|11143-11150|11350-11357|11637-11644|16864-16871|24015-24022,PREF|PREF|PREF|PREF|PREF|PREF|PREF|PREF|PREF|PREF|PREF|PREF|PREF,BASELINE|BASELINE|BASELINE|BASELINE|BASELINE|BASELINE|BASELINE|BASELINE|BASELINE|BASELINE|BASELINE|BASELINE|BASELINE
baseline,http://sbmi.uth.tmc.edu/ontology/ochv#C0168634,1506-1513|1815-1822|6426-6433|6924-6931|8163-8170|8463-8470|10939-10946|11071-11078|11143-11150|11350-11357|11637-11644|16864-16871|24015-24022,PREF|PREF|PREF|PREF|PREF|PREF|PREF|PREF|PREF|PREF|PREF|PREF|PREF,BASELINE|BASELINE|BASELINE|BASELINE|BASELINE|BASELINE|BASELINE|BASELINE|BASELINE|BASELINE|BASELINE|BASELINE|BASELINE
screening questionnaire,http://sbmi.uth.tmc.edu/ontology/ochv#54852,1533-1555|7074-7096|24605-24627,PREF|PREF|PREF,SCREENING QUESTIONNAIRE|SCREENING QUESTIONNAIRE|SCREENING QUESTIONNAIRE
screening questionnaire,http://sbmi.uth.tmc.edu/ontology/ochv#C1134635,1533-1555|7074-7096|24605-24627,PREF|PREF|PREF,SCREENING QUESTIONNAIRE|SCREENING QUESTIONNAIRE|SCREENING QUESTIONNAIRE
screening,http://sbmi.uth.tmc.edu/ontology/ochv#C1305399,1533-1541|7074-7082|7215-7223|13334-13342|15470-15478|17378-17386|24605-24613|26424-26432,PREF|PREF|PREF|PREF|PREF|PREF|PREF|PREF,SCREENING|SCREENING|SCREENING|SCREENING|SCREENING|SCREENING|SCREENING|SCREENING
screening,http://sbmi.uth.tmc.edu/ontology/ochv#C0220908,1533-1541|7074-7082|7215-7223|13334-13342|15470-15478|17378-17386|24605-24613|26424-26432,PREF|PREF|PREF|PREF|PREF|PREF|PREF|PREF,SCREENING|SCREENING|SCREENING|SCREENING|SCREENING|SCREENING|SCREENING|SCREENING
questionnaires,http://sbmi.uth.tmc.edu/ontology/ochv#10490,1543-1555|1768-1780|1824-1837|1920-1933|6409-6421|7084-7096|8443-8455|24554-24566|24615-24627,SYN|SYN|PREF|PREF|SYN|SYN|SYN|SYN|SYN,QUESTIONNAIRE|QUESTIONNAIRE|QUESTIONNAIRES|QUESTIONNAIRES|QUESTIONNAIRE|QUESTIONNAIRE|QUESTIONNAIRE|QUESTIONNAIRE|QUESTIONNAIRE
questionnaire,http://sbmi.uth.tmc.edu/ontology/ochv#C0034394,1543-1555|1768-1780|6409-6421|7084-7096|8443-8455|24554-24566|24615-24627,PREF|PREF|PREF|PREF|PREF|PREF|PREF,QUESTIONNAIRE|QUESTIONNAIRE|QUESTIONNAIRE|QUESTIONNAIRE|QUESTIONNAIRE|QUESTIONNAIRE|QUESTIONNAIRE
current,http://sbmi.uth.tmc.edu/ontology/ochv#C0521116,1558-1564|6297-6303|7976-7982|13104-13110|20626-20632,PREF|PREF|PREF|PREF|PREF,CURRENT|CURRENT|CURRENT|CURRENT|CURRENT
rating scale,http://sbmi.uth.tmc.edu/ontology/ochv#43559,1645-1657|7376-7387|26571-26582,SYN|PREF|PREF,RATING SCALES|RATING SCALE|RATING SCALE
pain score,http://sbmi.uth.tmc.edu/ontology/ochv#C0582148,1674-1683|11359-11368,PREF|PREF,PAIN SCORE|PAIN SCORE
score,http://sbmi.uth.tmc.edu/ontology/ochv#C0449820,1679-1683|7728-7732|7916-7920|8081-8085|8201-8205|11163-11167|11364-11368|13273-13277|17311-17315,PREF|PREF|PREF|PREF|PREF|PREF|PREF|PREF|PREF,SCORE|SCORE|SCORE|SCORE|SCORE|SCORE|SCORE|SCORE|SCORE
calculated,http://sbmi.uth.tmc.edu/ontology/ochv#C0444686,1689-1698|8091-8100|13222-13231,PREF|PREF|PREF,CALCULATED|CALCULATED|CALCULATED
measured,http://sbmi.uth.tmc.edu/ontology/ochv#C0444706,1716-1723,PREF,MEASURED
methods,http://sbmi.uth.tmc.edu/ontology/ochv#8041,1783-1789|9981-9986,PREF|SYN,METHODS|METHOD
initial,http://sbmi.uth.tmc.edu/ontology/ochv#C0205265,1842-1848|6954-6960,PREF|PREF,INITIAL|INITIAL
presentation,http://sbmi.uth.tmc.edu/ontology/ochv#C0449450,1850-1861|6016-6027|6529-6540|6962-6973,PREF|PREF|PREF|PREF,PRESENTATION|PRESENTATION|PRESENTATION|PRESENTATION
statistical analysis,http://sbmi.uth.tmc.edu/ontology/ochv#51368,1974-1993,PREF,STATISTICAL ANALYSIS
statistical analysis,http://sbmi.uth.tmc.edu/ontology/ochv#C0871424,1974-1993,PREF,STATISTICAL ANALYSIS
analysis,http://sbmi.uth.tmc.edu/ontology/ochv#52824,1986-1993|9596-9603|10006-10013|10750-10757|16096-16103|16307-16314|25947-25954,PREF|PREF|PREF|PREF|PREF|PREF|PREF,ANALYSIS|ANALYSIS|ANALYSIS|ANALYSIS|ANALYSIS|ANALYSIS|ANALYSIS
analysis,http://sbmi.uth.tmc.edu/ontology/ochv#C0936012,1986-1993|9596-9603|10006-10013|10750-10757|16096-16103|16307-16314|25947-25954,PREF|PREF|PREF|PREF|PREF|PREF|PREF,ANALYSIS|ANALYSIS|ANALYSIS|ANALYSIS|ANALYSIS|ANALYSIS|ANALYSIS
regression,http://sbmi.uth.tmc.edu/ontology/ochv#C0684321,2026-2035|2429-2438|2733-2742|9174-9183|24687-24696,PREF|PREF|PREF|PREF|PREF,REGRESSION|REGRESSION|REGRESSION|REGRESSION|REGRESSION
regression,http://sbmi.uth.tmc.edu/ontology/ochv#C0684320,2026-2035|2429-2438|2733-2742|9174-9183|24687-24696,PREF|PREF|PREF|PREF|PREF,REGRESSION|REGRESSION|REGRESSION|REGRESSION|REGRESSION
psychological factors,http://sbmi.uth.tmc.edu/ontology/ochv#C0033898,2076-2096|2693-2713|4225-4245|4599-4619|4765-4785|4890-4910|9680-9700|12851-12871|13798-13818|14261-14281|15810-15830|15854-15874|16340-16360|16705-16725|17809-17829|19509-19529|20359-20379|20447-20467|21971-21991|23100-23120|23917-23937|24639-24659|24713-24733|24791-24811|25664-25684,PREF|PREF|PREF|PREF|PREF|PREF|PREF|PREF|PREF|PREF|PREF|PREF|PREF|PREF|PREF|PREF|PREF|PREF|PREF|PREF|PREF|PREF|PREF|PREF|PREF,PSYCHOLOGICAL FACTORS|PSYCHOLOGICAL FACTORS|PSYCHOLOGICAL FACTORS|PSYCHOLOGICAL FACTORS|PSYCHOLOGICAL FACTORS|PSYCHOLOGICAL FACTORS|PSYCHOLOGICAL FACTORS|PSYCHOLOGICAL FACTORS|PSYCHOLOGICAL FACTORS|PSYCHOLOGICAL FACTORS|PSYCHOLOGICAL FACTORS|PSYCHOLOGICAL FACTORS|PSYCHOLOGICAL FACTORS|PSYCHOLOGICAL FACTORS|PSYCHOLOGICAL FACTORS|PSYCHOLOGICAL FACTORS|PSYCHOLOGICAL FACTORS|PSYCHOLOGICAL FACTORS|PSYCHOLOGICAL FACTORS|PSYCHOLOGICAL FACTORS|PSYCHOLOGICAL FACTORS|PSYCHOLOGICAL FACTORS|PSYCHOLOGICAL FACTORS|PSYCHOLOGICAL FACTORS|PSYCHOLOGICAL FACTORS
psychological factors,http://sbmi.uth.tmc.edu/ontology/ochv#10317,2076-2096|2693-2713|4225-4245|4599-4619|4765-4785|4890-4910|9680-9700|12851-12871|13798-13818|14261-14281|15810-15830|15854-15874|16340-16360|16705-16725|17809-17829|19509-19529|20359-20379|20447-20467|21971-21991|23100-23120|23917-23937|24639-24659|24713-24733|24791-24811|25664-25684,PREF|PREF|PREF|PREF|PREF|PREF|PREF|PREF|PREF|PREF|PREF|PREF|PREF|PREF|PREF|PREF|PREF|PREF|PREF|PREF|PREF|PREF|PREF|PREF|PREF,PSYCHOLOGICAL FACTORS|PSYCHOLOGICAL FACTORS|PSYCHOLOGICAL FACTORS|PSYCHOLOGICAL FACTORS|PSYCHOLOGICAL FACTORS|PSYCHOLOGICAL FACTORS|PSYCHOLOGICAL FACTORS|PSYCHOLOGICAL FACTORS|PSYCHOLOGICAL FACTORS|PSYCHOLOGICAL FACTORS|PSYCHOLOGICAL FACTORS|PSYCHOLOGICAL FACTORS|PSYCHOLOGICAL FACTORS|PSYCHOLOGICAL FACTORS|PSYCHOLOGICAL FACTORS|PSYCHOLOGICAL FACTORS|PSYCHOLOGICAL FACTORS|PSYCHOLOGICAL FACTORS|PSYCHOLOGICAL FACTORS|PSYCHOLOGICAL FACTORS|PSYCHOLOGICAL FACTORS|PSYCHOLOGICAL FACTORS|PSYCHOLOGICAL FACTORS|PSYCHOLOGICAL FACTORS|PSYCHOLOGICAL FACTORS
number,http://sbmi.uth.tmc.edu/ontology/ochv#C0449788,2106-2111|2545-2550|6833-6838|8805-8810|9272-9277|11559-11564|12387-12392|12639-12644|15884-15889|16014-16019|19755-19760|19875-19880|20731-20736|24822-24827,PREF|PREF|PREF|PREF|PREF|PREF|PREF|PREF|PREF|PREF|PREF|PREF|PREF|PREF,NUMBER|NUMBER|NUMBER|NUMBER|NUMBER|NUMBER|NUMBER|NUMBER|NUMBER|NUMBER|NUMBER|NUMBER|NUMBER|NUMBER
episodes,http://sbmi.uth.tmc.edu/ontology/ochv#C0678231,2116-2123|3461-3468|18843-18850|18921-18928|24832-24839|25891-25898,PREF|PREF|PREF|PREF|PREF|PREF,EPISODES|EPISODES|EPISODES|EPISODES|EPISODES|EPISODES
severe pain,http://sbmi.uth.tmc.edu/ontology/ochv#C0278140,2128-2138|3669-3679|8305-8315|9706-9716|11615-11625|11677-11687|11728-11738|12090-12100|13239-13249|13824-13834|14085-14095|14287-14297|14477-14487|14654-14664|18177-18187|18636-18646|19902-19912,PREF|PREF|PREF|PREF|PREF|PREF|PREF|PREF|PREF|PREF|PREF|PREF|PREF|PREF|PREF|PREF|PREF,SEVERE PAIN|SEVERE PAIN|SEVERE PAIN|SEVERE PAIN|SEVERE PAIN|SEVERE PAIN|SEVERE PAIN|SEVERE PAIN|SEVERE PAIN|SEVERE PAIN|SEVERE PAIN|SEVERE PAIN|SEVERE PAIN|SEVERE PAIN|SEVERE PAIN|SEVERE PAIN|SEVERE PAIN
approximately,http://sbmi.uth.tmc.edu/ontology/ochv#C0332232,2187-2199,PREF,APPROXIMATELY
reporting,http://sbmi.uth.tmc.edu/ontology/ochv#44719,2226-2233|5867-5872|6900-6907|8783-8790|8849-8856|9334-9341|12244-12252|14169-14176|14726-14733|17909-17917|18343-18350|18787-18792|22563-22570,SYN|SYN|SYN|SYN|SYN|SYN|PREF|SYN|SYN|PREF|SYN|SYN|SYN,REPORTED|REPORT|REPORTED|REPORTED|REPORTED|REPORTED|REPORTING|REPORTED|REPORTED|REPORTING|REPORTED|REPORT|REPORTED
time,http://sbmi.uth.tmc.edu/ontology/ochv#12290,2312-2315|2380-2383|2555-2558|8147-8150|8341-8344|8690-8693|8709-8712|8815-8818|9282-9285|11569-11572|11696-11699|11748-11751|11821-11824|11857-11860|12117-12120|12397-12400|12649-12652|14739-14742|14885-14888|15108-15111|15224-15227|15407-15410|15537-15540|15894-15897|16024-16027|19737-19741|19765-19768|19857-19861|19885-19888|20741-20744,PREF|PREF|PREF|PREF|PREF|PREF|PREF|PREF|PREF|PREF|PREF|PREF|PREF|PREF|PREF|PREF|PREF|PREF|PREF|PREF|PREF|PREF|PREF|PREF|PREF|SYN|PREF|SYN|PREF|PREF,TIME|TIME|TIME|TIME|TIME|TIME|TIME|TIME|TIME|TIME|TIME|TIME|TIME|TIME|TIME|TIME|TIME|TIME|TIME|TIME|TIME|TIME|TIME|TIME|TIME|TIMES|TIME|TIMES|TIME|TIME
time,http://sbmi.uth.tmc.edu/ontology/ochv#C0040223,2312-2315|2380-2383|2555-2558|8147-8150|8341-8344|8690-8693|8709-8712|8815-8818|9282-9285|11569-11572|11696-11699|11748-11751|11821-11824|11857-11860|12117-12120|12397-12400|12649-12652|14739-14742|14885-14888|15108-15111|15224-15227|15407-15410|15537-15540|15894-15897|16024-16027|19765-19768|19885-19888|20741-20744,PREF|PREF|PREF|PREF|PREF|PREF|PREF|PREF|PREF|PREF|PREF|PREF|PREF|PREF|PREF|PREF|PREF|PREF|PREF|PREF|PREF|PREF|PREF|PREF|PREF|PREF|PREF|PREF,TIME|TIME|TIME|TIME|TIME|TIME|TIME|TIME|TIME|TIME|TIME|TIME|TIME|TIME|TIME|TIME|TIME|TIME|TIME|TIME|TIME|TIME|TIME|TIME|TIME|TIME|TIME|TIME
greater,http://sbmi.uth.tmc.edu/ontology/ochv#C0443228,2537-2543|5186-5192|11999-12005|15356-15362|23071-23077,PREF|PREF|PREF|PREF|PREF,GREATER|GREATER|GREATER|GREATER|GREATER
age,http://sbmi.uth.tmc.edu/ontology/ochv#C0001779,2619-2621|9409-9411|9477-9479|11117-11119|11771-11773|12490-12492|14842-14844|15660-15662|15749-15751|16126-16128|16373-16375|16891-16893|17725-17727,PREF|PREF|PREF|PREF|PREF|PREF|PREF|PREF|PREF|PREF|PREF|PREF|PREF,AGE|AGE|AGE|AGE|AGE|AGE|AGE|AGE|AGE|AGE|AGE|AGE|AGE
gender,http://sbmi.uth.tmc.edu/ontology/ochv#C0079399,2624-2629|9414-9419|9482-9487|12495-12500|15665-15670|15754-15759|16131-16136|16378-16383|17730-17735,PREF|PREF|PREF|PREF|PREF|PREF|PREF|PREF|PREF,GENDER|GENDER|GENDER|GENDER|GENDER|GENDER|GENDER|GENDER|GENDER
gender,http://sbmi.uth.tmc.edu/ontology/ochv#15165,2624-2629|9414-9419|9482-9487|12495-12500|15665-15670|15754-15759|16131-16136|16378-16383|17730-17735,PREF|PREF|PREF|PREF|PREF|PREF|PREF|PREF|PREF,GENDER|GENDER|GENDER|GENDER|GENDER|GENDER|GENDER|GENDER|GENDER
body mass index,http://sbmi.uth.tmc.edu/ontology/ochv#2045,2632-2646|9422-9424|9490-9492|11331-11333|11972-11974|12507-12509|14997-14999|15673-15687|15762-15776|16139-16141|16386-16388|16944-16946|17228-17230|17233-17247|17738-17740|24196-24198,PREF|SYN|SYN|SYN|SYN|SYN|SYN|PREF|PREF|SYN|SYN|SYN|SYN|PREF|SYN|SYN,BODY MASS INDEX|BMI|BMI|BMI|BMI|BMI|BMI|BODY MASS INDEX|BODY MASS INDEX|BMI|BMI|BMI|BMI|BODY MASS INDEX|BMI|BMI
body mass,http://sbmi.uth.tmc.edu/ontology/ochv#37620,2632-2640|15673-15681|15762-15770|17233-17241,PREF|PREF|PREF|PREF,BODY MASS|BODY MASS|BODY MASS|BODY MASS
body mass,http://sbmi.uth.tmc.edu/ontology/ochv#C0518010,2632-2640|15673-15681|15762-15770|17233-17241,PREF|PREF|PREF|PREF,BODY MASS|BODY MASS|BODY MASS|BODY MASS
body,http://sbmi.uth.tmc.edu/ontology/ochv#C0242821,2632-2635|15673-15676|15762-15765|17233-17236,PREF|PREF|PREF|PREF,BODY|BODY|BODY|BODY
mass,http://sbmi.uth.tmc.edu/ontology/ochv#C1306372,2637-2640|15678-15681|15767-15770|17238-17241,PREF|PREF|PREF|PREF,MASS|MASS|MASS|MASS
index,http://sbmi.uth.tmc.edu/ontology/ochv#C0918012,2642-2646|7225-7229|15683-15687|15772-15776|17243-17247,PREF|PREF|PREF|PREF|PREF,INDEX|INDEX|INDEX|INDEX|INDEX
common,http://sbmi.uth.tmc.edu/ontology/ochv#C0205214,2902-2907|3208-3213|3394-3399|18534-18539|24937-24942,PREF|PREF|PREF|PREF|PREF,COMMON|COMMON|COMMON|COMMON|COMMON
secondary,http://sbmi.uth.tmc.edu/ontology/ochv#C1290850,2914-2922|18546-18554|23638-23646|24949-24957,PREF|PREF|PREF|PREF,SECONDARY|SECONDARY|SECONDARY|SECONDARY
population,http://sbmi.uth.tmc.edu/ontology/ochv#C0032659,2929-2938|18561-18570|24964-24973,PREF|PREF|PREF,POPULATION|POPULATION|POPULATION
population,http://sbmi.uth.tmc.edu/ontology/ochv#9961,2929-2938|18561-18570|24964-24973,PREF|PREF|PREF,POPULATION|POPULATION|POPULATION
risk factors,http://sbmi.uth.tmc.edu/ontology/ochv#10910,2999-3010|4052-4063|14627-14637|18034-18045|19631-19642|25035-25046|26070-26081,PREF|PREF|SYN|PREF|PREF|PREF|PREF,RISK FACTORS|RISK FACTORS|RISK FACTOR|RISK FACTORS|RISK FACTORS|RISK FACTORS|RISK FACTORS
risk,http://sbmi.uth.tmc.edu/ontology/ochv#10909,2999-3002|4052-4055|12756-12759|14053-14059|14053-14056|14445-14451|14445-14448|14627-14630|15578-15581|18034-18037|19631-19634|21652-21658|21652-21655|25035-25038|25879-25885|25879-25882|26070-26073|26931-26937|26931-26934,PREF|PREF|PREF|SYN|PREF|SYN|PREF|PREF|PREF|PREF|PREF|SYN|PREF|PREF|SYN|PREF|PREF|SYN|PREF,RISK|RISK|RISK|RISK OF|RISK|RISK OF|RISK|RISK|RISK|RISK|RISK|RISK OF|RISK|RISK|RISK OF|RISK|RISK|RISK OF|RISK
risk,http://sbmi.uth.tmc.edu/ontology/ochv#C0035647,2999-3002|4052-4055|12756-12759|14053-14056|14445-14448|14627-14630|15578-15581|18034-18037|19631-19634|21652-21655|25035-25038|25879-25882|26070-26073|26931-26934,PREF|PREF|PREF|PREF|PREF|PREF|PREF|PREF|PREF|PREF|PREF|PREF|PREF|PREF,RISK|RISK|RISK|RISK|RISK|RISK|RISK|RISK|RISK|RISK|RISK|RISK|RISK|RISK
consider,http://sbmi.uth.tmc.edu/ontology/ochv#48345,3092-3102|8221-8230|8528-8537|18231-18238|19390-19397|20548-20558|23314-23323|25128-25138,SYN|SYN|SYN|PREF|PREF|SYN|SYN|SYN,CONSIDERING|CONSIDERED|CONSIDERED|CONSIDER|CONSIDER|CONSIDERING|CONSIDERED|CONSIDERING
evaluation,http://sbmi.uth.tmc.edu/ontology/ochv#21203,3136-3145,PREF,EVALUATION
evaluation,http://sbmi.uth.tmc.edu/ontology/ochv#C0220825,3136-3145,PREF,EVALUATION
outcome studies,http://sbmi.uth.tmc.edu/ontology/ochv#38664,3150-3165|18269-18283|20604-20619|25184-25198,SYN|PREF|SYN|PREF,OUTCOMES STUDIES|OUTCOME STUDIES|OUTCOMES STUDIES|OUTCOME STUDIES
cause,http://sbmi.uth.tmc.edu/ontology/ochv#C0015127,3215-3219,PREF,CAUSE
socioeconomic,http://sbmi.uth.tmc.edu/ontology/ochv#C0748878,3278-3290,PREF,SOCIOECONOMIC
socioeconomic,http://sbmi.uth.tmc.edu/ontology/ochv#48147,3278-3290,PREF,SOCIOECONOMIC
cases,http://sbmi.uth.tmc.edu/ontology/ochv#C0868928,3313-3317|4801-4805,PREF|PREF,CASES|CASES
persistence,http://sbmi.uth.tmc.edu/ontology/ochv#C0546816,3363-3373|18621-18631|18794-18804|21660-21670,PREF|PREF|PREF|PREF,PERSISTENCE|PERSISTENCE|PERSISTENCE|PERSISTENCE
recurrence,http://sbmi.uth.tmc.edu/ontology/ochv#10655,3379-3388|3418-3427|25291-25300|26939-26948,PREF|PREF|PREF|PREF,RECURRENCE|RECURRENCE|RECURRENCE|RECURRENCE
recurrence,http://sbmi.uth.tmc.edu/ontology/ochv#C0034897,3379-3388|3418-3427|25291-25300|26939-26948,PREF|PREF|PREF|PREF,RECURRENCE|RECURRENCE|RECURRENCE|RECURRENCE
strong,http://sbmi.uth.tmc.edu/ontology/ochv#C0442821,3434-3439,PREF,STRONG
future,http://sbmi.uth.tmc.edu/ontology/ochv#C0016884,3454-3459|14565-14570|18914-18919|23706-23711,PREF|PREF|PREF|PREF,FUTURE|FUTURE|FUTURE|FUTURE
future,http://sbmi.uth.tmc.edu/ontology/ochv#5306,3454-3459|14565-14570|18914-18919|23706-23711,PREF|PREF|PREF|PREF,FUTURE|FUTURE|FUTURE|FUTURE
severity,http://sbmi.uth.tmc.edu/ontology/ochv#C0449294,3479-3486|20129-20136,PREF|PREF,SEVERITY|SEVERITY
people,http://sbmi.uth.tmc.edu/ontology/ochv#C0027361,3548-3553|13293-13298|18753-18758|19688-19693|21063-21068|26530-26535,PREF|PREF|PREF|PREF|PREF|PREF,PEOPLE|PEOPLE|PEOPLE|PEOPLE|PEOPLE|PEOPLE
mild,http://sbmi.uth.tmc.edu/ontology/ochv#C0205080,3573-3576,PREF,MILD
minimal,http://sbmi.uth.tmc.edu/ontology/ochv#C0547039,3593-3599|26703-26709,PREF|PREF,MINIMAL|MINIMAL
limitation,http://sbmi.uth.tmc.edu/ontology/ochv#C0449295,3601-3610,PREF,LIMITATION
function,http://sbmi.uth.tmc.edu/ontology/ochv#C0422812,3621-3628,PREF,FUNCTION
function,http://sbmi.uth.tmc.edu/ontology/ochv#38604,3621-3628,PREF,FUNCTION
function,http://sbmi.uth.tmc.edu/ontology/ochv#C0542341,3621-3628,PREF,FUNCTION
family,http://sbmi.uth.tmc.edu/ontology/ochv#C0015576,3715-3720|19061-19066,PREF|PREF,FAMILY|FAMILY
family,http://sbmi.uth.tmc.edu/ontology/ochv#4879,3715-3720|19061-19066,PREF|PREF,FAMILY|FAMILY
work,http://sbmi.uth.tmc.edu/ontology/ochv#C0043227,3723-3726|9826-9829|10020-10023|13600-13603|14943-14946|17068-17071|19080-19083|21046-21049|26334-26337,PREF|PREF|PREF|PREF|PREF|PREF|PREF|PREF|PREF,WORK|WORK|WORK|WORK|WORK|WORK|WORK|WORK|WORK
work,http://sbmi.uth.tmc.edu/ontology/ochv#13188,3723-3726|9826-9829|10020-10023|13600-13603|14943-14946|17068-17071|19080-19083|21046-21049|26334-26337,PREF|PREF|PREF|PREF|PREF|PREF|PREF|PREF|PREF,WORK|WORK|WORK|WORK|WORK|WORK|WORK|WORK|WORK
social,http://sbmi.uth.tmc.edu/ontology/ochv#46637,3733-3738|3777-3782|3961-3966|19069-19074|26469-26474,PREF|PREF|PREF|PREF|PREF,SOCIAL|SOCIAL|SOCIAL|SOCIAL|SOCIAL
social,http://sbmi.uth.tmc.edu/ontology/ochv#C0728831,3733-3738|3777-3782|3961-3966|19069-19074|26469-26474,PREF|PREF|PREF|PREF|PREF,SOCIAL|SOCIAL|SOCIAL|SOCIAL|SOCIAL
activities,http://sbmi.uth.tmc.edu/ontology/ochv#34879,3740-3749|10231-10238|10304-10313|19085-19094|21853-21860,PREF|SYN|PREF|PREF|SYN,ACTIVITIES|ACTIVITY|ACTIVITIES|ACTIVITIES|ACTIVITY
social problems,http://sbmi.uth.tmc.edu/ontology/ochv#C0037431,3777-3791,PREF,SOCIAL PROBLEMS
social problems,http://sbmi.uth.tmc.edu/ontology/ochv#11461,3777-3791,PREF,SOCIAL PROBLEMS
complex,http://sbmi.uth.tmc.edu/ontology/ochv#C0439855,3831-3837|18986-18992|23356-23362,PREF|PREF|PREF,COMPLEX|COMPLEX|COMPLEX
addiction,http://sbmi.uth.tmc.edu/ontology/ochv#C0085281,3851-3859,PREF,ADDICTION
prescribed,http://sbmi.uth.tmc.edu/ontology/ochv#C0278329,3864-3873,PREF,PRESCRIBED
prescribed,http://sbmi.uth.tmc.edu/ontology/ochv#27163,3864-3873,PREF,PRESCRIBED
opioids,http://sbmi.uth.tmc.edu/ontology/ochv#24812,3896-3902,PREF,OPIOIDS
psychosocial,http://sbmi.uth.tmc.edu/ontology/ochv#38590,3915-3926|19123-19134|26057-26068,PREF|PREF|PREF,PSYCHOSOCIAL|PSYCHOSOCIAL|PSYCHOSOCIAL
psychosocial,http://sbmi.uth.tmc.edu/ontology/ochv#C0542298,3915-3926|19123-19134|26057-26068,PREF|PREF|PREF,PSYCHOSOCIAL|PSYCHOSOCIAL|PSYCHOSOCIAL
social isolation,http://sbmi.uth.tmc.edu/ontology/ochv#C0037421,3961-3976|26469-26484,PREF|PREF,SOCIAL ISOLATION|SOCIAL ISOLATION
social isolation,http://sbmi.uth.tmc.edu/ontology/ochv#11455,3961-3976|26469-26484,PREF|PREF,SOCIAL ISOLATION|SOCIAL ISOLATION
treatment,http://sbmi.uth.tmc.edu/ontology/ochv#C0087111,4004-4012|6228-6236|6282-6290|21948-21956|22052-22060|22104-22112|22959-22967|23483-23491|23770-23778|23809-23817|23904-23912|25396-25404|26904-26912|27156-27164,PREF|PREF|PREF|PREF|PREF|PREF|PREF|PREF|PREF|PREF|PREF|PREF|PREF|PREF,TREATMENT|TREATMENT|TREATMENT|TREATMENT|TREATMENT|TREATMENT|TREATMENT|TREATMENT|TREATMENT|TREATMENT|TREATMENT|TREATMENT|TREATMENT|TREATMENT
need,http://sbmi.uth.tmc.edu/ontology/ochv#C0027552,4108-4111|18223-18226|19382-19385|25618-25621,PREF|PREF|PREF|PREF,NEED|NEED|NEED|NEED
need,http://sbmi.uth.tmc.edu/ontology/ochv#C0686904,4108-4111|18223-18226|19382-19385|25618-25621,PREF|PREF|PREF|PREF,NEED|NEED|NEED|NEED
identified,http://sbmi.uth.tmc.edu/ontology/ochv#C0205396,4119-4128|19341-19350,PREF|PREF,IDENTIFIED|IDENTIFIED
biopsychosocial model,http://sbmi.uth.tmc.edu/ontology/ochv#C0870205,4168-4188,PREF,BIOPSYCHOSOCIAL MODEL
biopsychosocial model,http://sbmi.uth.tmc.edu/ontology/ochv#51039,4168-4188,PREF,BIOPSYCHOSOCIAL MODEL
experience,http://sbmi.uth.tmc.edu/ontology/ochv#41569,4290-4299|23170-23179,PREF|PREF,EXPERIENCE|EXPERIENCE
experience,http://sbmi.uth.tmc.edu/ontology/ochv#C0237607,4290-4299|23170-23179,PREF|PREF,EXPERIENCE|EXPERIENCE
experience,http://sbmi.uth.tmc.edu/ontology/ochv#C0596545,4290-4299|23170-23179,PREF|PREF,EXPERIENCE|EXPERIENCE
worse,http://sbmi.uth.tmc.edu/ontology/ochv#C0332271,4392-4396|10342-10346,PREF|PREF,WORSE|WORSE
worse,http://sbmi.uth.tmc.edu/ontology/ochv#C1279889,4392-4396|10342-10346,PREF|PREF,WORSE|WORSE
limited,http://sbmi.uth.tmc.edu/ontology/ochv#C0439801,4456-4462|4839-4845|20277-20283,PREF|PREF|PREF,LIMITED|LIMITED|LIMITED
Support,http://sbmi.uth.tmc.edu/ontology/ochv#C1171411,4476-4482,PREF,SUPPORT
anxiety and fear,http://sbmi.uth.tmc.edu/ontology/ochv#C0424139,4512-4527,PREF,ANXIETY AND FEAR
evidence for,http://sbmi.uth.tmc.edu/ontology/ochv#C0332120,4563-4574|4669-4680|20659-20670|20912-20923|23211-23222,PREF|PREF|PREF|PREF|PREF,EVIDENCE FOR|EVIDENCE FOR|EVIDENCE FOR|EVIDENCE FOR|EVIDENCE FOR
mixed,http://sbmi.uth.tmc.edu/ontology/ochv#C0205430,4663-4667,PREF,MIXED
specific,http://sbmi.uth.tmc.edu/ontology/ochv#C0205369,4682-4689|23403-23410,PREF|PREF,SPECIFIC|SPECIFIC
individual,http://sbmi.uth.tmc.edu/ontology/ochv#C0237401,4692-4701|24780-24789,PREF|PREF,INDIVIDUAL|INDIVIDUAL
understanding,http://sbmi.uth.tmc.edu/ontology/ochv#C0162340,4733-4745|21819-21831|23079-23091,PREF|PREF|PREF,UNDERSTANDING|UNDERSTANDING|UNDERSTANDING
play,http://sbmi.uth.tmc.edu/ontology/ochv#C0032214,5179-5182|21554-21557,PREF|PREF,PLAY|PLAY
play,http://sbmi.uth.tmc.edu/ontology/ochv#9844,5179-5182|21554-21557,PREF|PREF,PLAY|PLAY
play,http://sbmi.uth.tmc.edu/ontology/ochv#C0600138,5179-5182|21554-21557,PREF|PREF,PLAY|PLAY
new,http://sbmi.uth.tmc.edu/ontology/ochv#C0205314,5308-5310|25887-25889,PREF|PREF,NEW|NEW
episode of care,http://sbmi.uth.tmc.edu/ontology/ochv#C0085554,5312-5326,PREF,EPISODE OF CARE
episode of care,http://sbmi.uth.tmc.edu/ontology/ochv#15648,5312-5326,PREF,EPISODE OF CARE
episode,http://sbmi.uth.tmc.edu/ontology/ochv#C0332189,5312-5318|25317-25323,PREF|PREF,EPISODE|EPISODE
2011,http://sbmi.uth.tmc.edu/ontology/ochv#2011,5497-5500,PREF,2011
552,http://sbmi.uth.tmc.edu/ontology/ochv#552,5523-5525,PREF,552
resulting in,http://sbmi.uth.tmc.edu/ontology/ochv#29401,5558-5569|23036-23047,PREF|PREF,RESULTING IN|RESULTING IN
resulting in,http://sbmi.uth.tmc.edu/ontology/ochv#C0332294,5558-5569|23036-23047,PREF|PREF,RESULTING IN|RESULTING IN
administration,http://sbmi.uth.tmc.edu/ontology/ochv#C0001554,5615-5628,PREF,ADMINISTRATION
administration,http://sbmi.uth.tmc.edu/ontology/ochv#745,5615-5628,PREF,ADMINISTRATION
tertiary,http://sbmi.uth.tmc.edu/ontology/ochv#C0205372,5742-5749,PREF,TERTIARY
referral,http://sbmi.uth.tmc.edu/ontology/ochv#10663,5788-5795,PREF,REFERRAL
referral,http://sbmi.uth.tmc.edu/ontology/ochv#C0034927,5788-5795,PREF,REFERRAL
nonspecific,http://sbmi.uth.tmc.edu/ontology/ochv#48335,5816-5826|23292-23302|26232-26242,PREF|PREF|PREF,NONSPECIFIC|NONSPECIFIC|NONSPECIFIC
nonspecific,http://sbmi.uth.tmc.edu/ontology/ochv#C0750540,5816-5826|23292-23302|26232-26242,PREF|PREF|PREF,NONSPECIFIC|NONSPECIFIC|NONSPECIFIC
report,http://sbmi.uth.tmc.edu/ontology/ochv#C0684224,5867-5872|18787-18792,PREF|PREF,REPORT|REPORT
pathology,http://sbmi.uth.tmc.edu/ontology/ochv#C0030664,5947-5955,PREF,PATHOLOGY
pathology,http://sbmi.uth.tmc.edu/ontology/ochv#9354,5947-5955,PREF,PATHOLOGY
fracture,http://sbmi.uth.tmc.edu/ontology/ochv#C0016658,5965-5972,PREF,FRACTURE
cancer,http://sbmi.uth.tmc.edu/ontology/ochv#C0006826,5975-5980,PREF,CANCER
infection,http://sbmi.uth.tmc.edu/ontology/ochv#C0021311,5986-5994,PREF,INFECTION
infection,http://sbmi.uth.tmc.edu/ontology/ochv#6691,5986-5994,PREF,INFECTION
management,http://sbmi.uth.tmc.edu/ontology/ochv#C0376636,6136-6145|19429-19438|22014-22023,PREF|PREF|PREF,MANAGEMENT|MANAGEMENT|MANAGEMENT
massage,http://sbmi.uth.tmc.edu/ontology/ochv#7775,6187-6193,PREF,MASSAGE
massage,http://sbmi.uth.tmc.edu/ontology/ochv#C0024875,6187-6193,PREF,MASSAGE
lumbar spine,http://sbmi.uth.tmc.edu/ontology/ochv#C0024091,6467-6478,PREF,LUMBAR SPINE
magnetic resonance,http://sbmi.uth.tmc.edu/ontology/ochv#C0917874,6480-6497,PREF,MAGNETIC RESONANCE
magnetic resonance,http://sbmi.uth.tmc.edu/ontology/ochv#52370,6480-6497,PREF,MAGNETIC RESONANCE
resonance,http://sbmi.uth.tmc.edu/ontology/ochv#C0684213,6489-6497,PREF,RESONANCE
resonance,http://sbmi.uth.tmc.edu/ontology/ochv#C0231881,6489-6497,PREF,RESONANCE
law,http://sbmi.uth.tmc.edu/ontology/ochv#C0023150,6563-6565,PREF,LAW
law,http://sbmi.uth.tmc.edu/ontology/ochv#C0728724,6563-6565,PREF,LAW
region,http://sbmi.uth.tmc.edu/ontology/ochv#C0205147,6620-6625,PREF,REGION
human,http://sbmi.uth.tmc.edu/ontology/ochv#6299,6647-6651,PREF,HUMAN
human,http://sbmi.uth.tmc.edu/ontology/ochv#C0020114,6647-6651,PREF,HUMAN
human,http://sbmi.uth.tmc.edu/ontology/ochv#C0086418,6647-6651,PREF,HUMAN
research ethics,http://sbmi.uth.tmc.edu/ontology/ochv#C0814851,6653-6667,PREF,RESEARCH ETHICS
ethics,http://sbmi.uth.tmc.edu/ontology/ochv#C0015000,6662-6667,PREF,ETHICS
ethics,http://sbmi.uth.tmc.edu/ontology/ochv#4692,6662-6667,PREF,ETHICS
letter,http://sbmi.uth.tmc.edu/ontology/ochv#C1096774,6687-6692,PREF,LETTER
request,http://sbmi.uth.tmc.edu/ontology/ochv#C0686900,6750-6756,PREF,REQUEST
review,http://sbmi.uth.tmc.edu/ontology/ochv#C0282443,6787-6792|21205-21210|22446-22451|22549-22554|25654-25659|25844-25849|25931-25936|26049-26054|26137-26142|26272-26277|26291-26296|26981-26986|27252-27257,PREF|PREF|PREF|PREF|PREF|PREF|PREF|PREF|PREF|PREF|PREF|PREF|PREF,REVIEW|REVIEW|REVIEW|REVIEW|REVIEW|REVIEW|REVIEW|REVIEW|REVIEW|REVIEW|REVIEW|REVIEW|REVIEW
onset,http://sbmi.uth.tmc.edu/ontology/ochv#C0332162,6869-6873,PREF,ONSET
back symptoms,http://sbmi.uth.tmc.edu/ontology/ochv#C0741426,6882-6894,PREF,BACK SYMPTOMS
back symptoms,http://sbmi.uth.tmc.edu/ontology/ochv#47267,6882-6894,PREF,BACK SYMPTOMS
date,http://sbmi.uth.tmc.edu/ontology/ochv#C0011008,6942-6945,PREF,DATE
brief,http://sbmi.uth.tmc.edu/ontology/ochv#C1282927,7042-7046|26418-26422,PREF|PREF,BRIEF|BRIEF
seven,http://sbmi.uth.tmc.edu/ontology/ochv#C0205453,7048-7052,PREF,SEVEN
australian,http://sbmi.uth.tmc.edu/ontology/ochv#24090,7310-7319,PREF,AUSTRALIAN
australian,http://sbmi.uth.tmc.edu/ontology/ochv#C0238711,7310-7319,PREF,AUSTRALIAN
rating scale,http://sbmi.uth.tmc.edu/ontology/ochv#C0681889,7376-7387|26571-26582,PREF|PREF,RATING SCALE|RATING SCALE
extent,http://sbmi.uth.tmc.edu/ontology/ochv#C0439792,7435-7440,PREF,EXTENT
table,http://sbmi.uth.tmc.edu/ontology/ochv#C0039224,7503-7507|11761-11765|12678-12682|13909-13913|14368-14372|14775-14779,PREF|PREF|PREF|PREF|PREF|PREF,TABLE|TABLE|TABLE|TABLE|TABLE|TABLE
published,http://sbmi.uth.tmc.edu/ontology/ochv#C0034037,7572-7580|13464-13472|17509-17517,PREF|PREF|PREF,PUBLISHED|PUBLISHED|PUBLISHED
avoidance,http://sbmi.uth.tmc.edu/ontology/ochv#C0870186,7870-7878|20953-20961|26162-26170,PREF|PREF|PREF,AVOIDANCE|AVOIDANCE|AVOIDANCE
avoidance,http://sbmi.uth.tmc.edu/ontology/ochv#51036,7870-7878|20953-20961|26162-26170,PREF|PREF|PREF,AVOIDANCE|AVOIDANCE|AVOIDANCE
single,http://sbmi.uth.tmc.edu/ontology/ochv#C0205171,7909-7914|23327-23332,PREF|PREF,SINGLE|SINGLE
language,http://sbmi.uth.tmc.edu/ontology/ochv#C0023008,8409-8416,PREF,LANGUAGE
language,http://sbmi.uth.tmc.edu/ontology/ochv#7202,8409-8416,PREF,LANGUAGE
participant,http://sbmi.uth.tmc.edu/ontology/ochv#C0679646,8750-8760|11518-11528|13493-13503,PREF|PREF|PREF,PARTICIPANT|PARTICIPANT|PARTICIPANT
second,http://sbmi.uth.tmc.edu/ontology/ochv#C0205436,9456-9461|16286-16291,PREF|PREF,SECOND|SECOND
post,http://sbmi.uth.tmc.edu/ontology/ochv#C0687676,9551-9554|22954-22957,PREF|PREF,POST|POST
subgroup,http://sbmi.uth.tmc.edu/ontology/ochv#C1079230,9619-9626,PREF,SUBGROUP
history,http://sbmi.uth.tmc.edu/ontology/ochv#C0262512,9775-9781|9848-9854|11400-11406|12049-12055|13549-13555|13704-13710|13868-13874|14009-14015|14688-14694|15325-15331|16611-16617|16779-16785|17024-17030|24214-24220|26829-26835,PREF|PREF|PREF|PREF|PREF|PREF|PREF|PREF|PREF|PREF|PREF|PREF|PREF|PREF|PREF,HISTORY|HISTORY|HISTORY|HISTORY|HISTORY|HISTORY|HISTORY|HISTORY|HISTORY|HISTORY|HISTORY|HISTORY|HISTORY|HISTORY|HISTORY
history,http://sbmi.uth.tmc.edu/ontology/ochv#C1321503,9775-9781|9848-9854|11400-11406|12049-12055|13549-13555|13704-13710|13868-13874|14009-14015|14688-14694|15325-15331|16611-16617|16779-16785|17024-17030|24214-24220|26829-26835,PREF|PREF|PREF|PREF|PREF|PREF|PREF|PREF|PREF|PREF|PREF|PREF|PREF|PREF|PREF,HISTORY|HISTORY|HISTORY|HISTORY|HISTORY|HISTORY|HISTORY|HISTORY|HISTORY|HISTORY|HISTORY|HISTORY|HISTORY|HISTORY|HISTORY
spinal,http://sbmi.uth.tmc.edu/ontology/ochv#37924,9786-9791|9859-9864|13560-13565|13715-13720|13879-13884|14020-14025|16622-16627|16790-16795|24225-24230,PREF|PREF|PREF|PREF|PREF|PREF|PREF|PREF|PREF,SPINAL|SPINAL|SPINAL|SPINAL|SPINAL|SPINAL|SPINAL|SPINAL|SPINAL
spinal,http://sbmi.uth.tmc.edu/ontology/ochv#C0521329,9786-9791|9859-9864|13560-13565|13715-13720|13879-13884|14020-14025|16622-16627|16790-16795|24225-24230,PREF|PREF|PREF|PREF|PREF|PREF|PREF|PREF|PREF,SPINAL|SPINAL|SPINAL|SPINAL|SPINAL|SPINAL|SPINAL|SPINAL|SPINAL
surgery,http://sbmi.uth.tmc.edu/ontology/ochv#C0543467,9793-9799|9866-9872|11411-11417|12060-12066|13567-13573|13722-13728|13886-13892|14027-14033|14699-14705|15336-15342|16629-16635|16797-16803|17035-17041|24232-24238,PREF|PREF|PREF|PREF|PREF|PREF|PREF|PREF|PREF|PREF|PREF|PREF|PREF|PREF,SURGERY|SURGERY|SURGERY|SURGERY|SURGERY|SURGERY|SURGERY|SURGERY|SURGERY|SURGERY|SURGERY|SURGERY|SURGERY|SURGERY
dissatisfaction,http://sbmi.uth.tmc.edu/ontology/ochv#51110,9831-9845|13605-13619,PREF|PREF,DISSATISFACTION|DISSATISFACTION
dissatisfaction,http://sbmi.uth.tmc.edu/ontology/ochv#C0870433,9831-9845|13605-13619,PREF|PREF,DISSATISFACTION|DISSATISFACTION
variable,http://sbmi.uth.tmc.edu/ontology/ochv#C0439828,9899-9906|21343-21350,PREF|PREF,VARIABLE|VARIABLE
simple,http://sbmi.uth.tmc.edu/ontology/ochv#C0205352,9919-9924,PREF,SIMPLE
method,http://sbmi.uth.tmc.edu/ontology/ochv#C0025663,9981-9986,PREF,METHOD
satisfaction,http://sbmi.uth.tmc.edu/ontology/ochv#C0242428,10025-10036|14948-14959|17073-17084,PREF|PREF|PREF,SATISFACTION|SATISFACTION|SATISFACTION
satisfaction,http://sbmi.uth.tmc.edu/ontology/ochv#24821,10025-10036|14948-14959|17073-17084,PREF|PREF|PREF,SATISFACTION|SATISFACTION|SATISFACTION
high,http://sbmi.uth.tmc.edu/ontology/ochv#C0205250,10062-10065|18150-18153|18499-18502,PREF|PREF|PREF,HIGH|HIGH|HIGH
high,http://sbmi.uth.tmc.edu/ontology/ochv#20438,10062-10065|18150-18153|18499-18502,PREF|PREF|PREF,HIGH|HIGH|HIGH
median,http://sbmi.uth.tmc.edu/ontology/ochv#C0876920,10080-10085|11187-11192|14930-14935|15134-15139|16996-17001|17087-17092,PREF|PREF|PREF|PREF|PREF|PREF,MEDIAN|MEDIAN|MEDIAN|MEDIAN|MEDIAN|MEDIAN
stand,http://sbmi.uth.tmc.edu/ontology/ochv#C0596013,10168-10172,PREF,STAND
physical activity,http://sbmi.uth.tmc.edu/ontology/ochv#21326,10222-10238|10231-10238|10295-10313|21853-21860,PREF|SYN|SYN|SYN,PHYSICAL ACTIVITY|ACTIVITY|PHYSICAL ACTIVITIES|ACTIVITY
physical activity,http://sbmi.uth.tmc.edu/ontology/ochv#C0026606,10222-10238,PREF,PHYSICAL ACTIVITY
physical activity,http://sbmi.uth.tmc.edu/ontology/ochv#C0221187,10222-10238,PREF,PHYSICAL ACTIVITY
physical,http://sbmi.uth.tmc.edu/ontology/ochv#C0205485,10222-10229|10295-10302|22174-22181,PREF|PREF|PREF,PHYSICAL|PHYSICAL|PHYSICAL
physical,http://sbmi.uth.tmc.edu/ontology/ochv#20620,10222-10229|10295-10302|22174-22181,PREF|PREF|PREF,PHYSICAL|PHYSICAL|PHYSICAL
activity,http://sbmi.uth.tmc.edu/ontology/ochv#C0439167,10231-10238|21853-21860,PREF|PREF,ACTIVITY|ACTIVITY
activity,http://sbmi.uth.tmc.edu/ontology/ochv#C0441655,10231-10238|21853-21860,PREF|PREF,ACTIVITY|ACTIVITY
month,http://sbmi.uth.tmc.edu/ontology/ochv#C0439231,10426-10430|10530-10534,PREF|PREF,MONTH|MONTH
interest,http://sbmi.uth.tmc.edu/ontology/ochv#C0543488,10575-10582,PREF,INTEREST
pleasure,http://sbmi.uth.tmc.edu/ontology/ochv#C0679105,10587-10594,PREF,PLEASURE
female,http://sbmi.uth.tmc.edu/ontology/ochv#C0015780,11033-11038,PREF,FEMALE
females,http://sbmi.uth.tmc.edu/ontology/ochv#15888,11033-11038|16917-16923,SYN|PREF,FEMALE|FEMALES
female,http://sbmi.uth.tmc.edu/ontology/ochv#C0086287,11033-11038,PREF,FEMALE
female,http://sbmi.uth.tmc.edu/ontology/ochv#4948,11033-11038|16917-16923,PREF|SYN,FEMALE|FEMALES
female,http://sbmi.uth.tmc.edu/ontology/ochv#C0043209,11033-11038,PREF,FEMALE
complete,http://sbmi.uth.tmc.edu/ontology/ochv#C0205197,11062-11069,PREF,COMPLETE
incomplete,http://sbmi.uth.tmc.edu/ontology/ochv#C0205257,11267-11276,PREF,INCOMPLETE
incomplete,http://sbmi.uth.tmc.edu/ontology/ochv#20445,11267-11276,PREF,INCOMPLETE
previous,http://sbmi.uth.tmc.edu/ontology/ochv#C0205156,12040-12047|15316-15323|17015-17022|18712-18719|18834-18841,PREF|PREF|PREF|PREF|PREF,PREVIOUS|PREVIOUS|PREVIOUS|PREVIOUS|PREVIOUS
increasing,http://sbmi.uth.tmc.edu/ontology/ochv#C0442808,12207-12216,PREF,INCREASING
reporting,http://sbmi.uth.tmc.edu/ontology/ochv#C0700287,12244-12252|17909-17917,PREF|PREF,REPORTING|REPORTING
adjustment,http://sbmi.uth.tmc.edu/ontology/ochv#C0456081,12475-12484|12816-12825|20790-20799,PREF|PREF|PREF,ADJUSTMENT|ADJUSTMENT|ADJUSTMENT
effect size,http://sbmi.uth.tmc.edu/ontology/ochv#49323,12692-12702|16209-16219,PREF|PREF,EFFECT SIZE|EFFECT SIZE
effect size,http://sbmi.uth.tmc.edu/ontology/ochv#C0814843,12692-12702|16209-16219,PREF|PREF,EFFECT SIZE|EFFECT SIZE
effect,http://sbmi.uth.tmc.edu/ontology/ochv#C1280500,12692-12697|16209-16214|21843-21848,PREF|PREF|PREF,EFFECT|EFFECT|EFFECT
size,http://sbmi.uth.tmc.edu/ontology/ochv#C0702146,12699-12702|16216-16219,PREF|PREF,SIZE|SIZE
ratio,http://sbmi.uth.tmc.edu/ontology/ochv#C0456603,12761-12765|15583-15587,PREF|PREF,RATIO|RATIO
significant,http://sbmi.uth.tmc.edu/ontology/ochv#C0750502,12899-12909|16516-16526|19287-19297|24137-24147,PREF|PREF|PREF|PREF,SIGNIFICANT|SIGNIFICANT|SIGNIFICANT|SIGNIFICANT
visual,http://sbmi.uth.tmc.edu/ontology/ochv#C0234621,13176-13181,PREF,VISUAL
positive,http://sbmi.uth.tmc.edu/ontology/ochv#C0205159,13325-13332|15461-15468|17369-17376,PREF|PREF|PREF,POSITIVE|POSITIVE|POSITIVE
test,http://sbmi.uth.tmc.edu/ontology/ochv#C0392366,13344-13347|15480-15483|17388-17391,PREF|PREF|PREF,TEST|TEST|TEST
risk factor,http://sbmi.uth.tmc.edu/ontology/ochv#C0035648,14627-14637,PREF,RISK FACTOR
lower,http://sbmi.uth.tmc.edu/ontology/ochv#C0441994,15019-15023,PREF,LOWER
categories,http://sbmi.uth.tmc.edu/ontology/ochv#43758,15251-15260,PREF,CATEGORIES
confidence interval,http://sbmi.uth.tmc.edu/ontology/ochv#C0009667,15602-15620,PREF,CONFIDENCE INTERVAL
confidence,http://sbmi.uth.tmc.edu/ontology/ochv#C0237529,15602-15611,PREF,CONFIDENCE
interval,http://sbmi.uth.tmc.edu/ontology/ochv#C1272706,15613-15620,PREF,INTERVAL
standard deviation,http://sbmi.uth.tmc.edu/ontology/ochv#C0871420,17208-17225,PREF,STANDARD DEVIATION
levels,http://sbmi.uth.tmc.edu/ontology/ochv#C0441889,18155-18160|18504-18509|18773-18778|20343-20348|24206-24211,PREF|PREF|PREF|PREF|PREF,LEVELS|LEVELS|LEVELS|LEVELS|LEVELS
consider,http://sbmi.uth.tmc.edu/ontology/ochv#C0750591,18231-18238|19390-19397,PREF|PREF,CONSIDER|CONSIDER
major,http://sbmi.uth.tmc.edu/ontology/ochv#C0205164,18673-18677,PREF,MAJOR
problem,http://sbmi.uth.tmc.edu/ontology/ochv#C0033213,18679-18685,PREF,PROBLEM
consistent,http://sbmi.uth.tmc.edu/ontology/ochv#C0332290,18696-18705|18890-18899|19958-19967|20857-20866,PREF|PREF|PREF|PREF,CONSISTENT|CONSISTENT|CONSISTENT|CONSISTENT
life,http://sbmi.uth.tmc.edu/ontology/ochv#31817,19039-19042,PREF,LIFE
life,http://sbmi.uth.tmc.edu/ontology/ochv#C0376558,19039-19042,PREF,LIFE
lead,http://sbmi.uth.tmc.edu/ontology/ochv#C0023175,19115-19118,PREF,LEAD
lead,http://sbmi.uth.tmc.edu/ontology/ochv#7256,19115-19118,PREF,LEAD
reliance,http://sbmi.uth.tmc.edu/ontology/ochv#27765,19147-19154,PREF,RELIANCE
reliance,http://sbmi.uth.tmc.edu/ontology/ochv#C0290627,19147-19154,PREF,RELIANCE
approach,http://sbmi.uth.tmc.edu/ontology/ochv#C0449445,19417-19424,PREF,APPROACH
lack,http://sbmi.uth.tmc.edu/ontology/ochv#C0332268,20226-20229|23203-23206,PREF|PREF,LACK|LACK
longitudinal studies,http://sbmi.uth.tmc.edu/ontology/ochv#7538,20234-20253|21285-21302,PREF|SYN,LONGITUDINAL STUDIES|LONGITUDINAL STUDY
longitudinal,http://sbmi.uth.tmc.edu/ontology/ochv#C0205127,20234-20245|21285-21296|27029-27040,PREF|PREF|PREF,LONGITUDINAL|LONGITUDINAL|LONGITUDINAL
ensure,http://sbmi.uth.tmc.edu/ontology/ochv#21151,20320-20325,PREF,ENSURE
ensure,http://sbmi.uth.tmc.edu/ontology/ochv#C0218063,20320-20325,PREF,ENSURE
clear,http://sbmi.uth.tmc.edu/ontology/ochv#C0205305,20653-20657,PREF,CLEAR
return to work,http://sbmi.uth.tmc.edu/ontology/ochv#C0425105,21036-21049|26324-26337,PREF|PREF,RETURN TO WORK|RETURN TO WORK
return to,http://sbmi.uth.tmc.edu/ontology/ochv#C0332156,21036-21044|26324-26332,PREF|PREF,RETURN TO|RETURN TO
subacute,http://sbmi.uth.tmc.edu/ontology/ochv#C0205365,21075-21082|21584-21591|26355-26362,PREF|PREF|PREF,SUBACUTE|SUBACUTE|SUBACUTE
chronic,http://sbmi.uth.tmc.edu/ontology/ochv#C0205191,21140-21146|22028-22034|22873-22879|23283-23289|26087-26093|26368-26374|27121-27127|27170-27176,PREF|PREF|PREF|PREF|PREF|PREF|PREF|PREF,CHRONIC|CHRONIC|CHRONIC|CHRONIC|CHRONIC|CHRONIC|CHRONIC|CHRONIC
systematic review,http://sbmi.uth.tmc.edu/ontology/ochv#C1258983,21194-21210|22435-22451|22538-22554|25643-25659|25833-25849|25920-25936|26038-26054|26126-26142|26261-26277|26280-26296|26970-26986|27241-27257,PREF|PREF|PREF|PREF|PREF|PREF|PREF|PREF|PREF|PREF|PREF|PREF,SYSTEMATIC REVIEW|SYSTEMATIC REVIEW|SYSTEMATIC REVIEW|SYSTEMATIC REVIEW|SYSTEMATIC REVIEW|SYSTEMATIC REVIEW|SYSTEMATIC REVIEW|SYSTEMATIC REVIEW|SYSTEMATIC REVIEW|SYSTEMATIC REVIEW|SYSTEMATIC REVIEW|SYSTEMATIC REVIEW
prognostic,http://sbmi.uth.tmc.edu/ontology/ochv#21231,21238-21247|25794-25803|25974-25983|26185-26194|26301-26310,PREF|PREF|PREF|PREF|PREF,PROGNOSTIC|PROGNOSTIC|PROGNOSTIC|PROGNOSTIC|PROGNOSTIC
prognostic,http://sbmi.uth.tmc.edu/ontology/ochv#C0220901,21238-21247|25794-25803|25974-25983|26185-26194|26301-26310,PREF|PREF|PREF|PREF|PREF,PROGNOSTIC|PROGNOSTIC|PROGNOSTIC|PROGNOSTIC|PROGNOSTIC
subsequent,http://sbmi.uth.tmc.edu/ontology/ochv#48333,21274-21283,PREF,SUBSEQUENT
subsequent,http://sbmi.uth.tmc.edu/ontology/ochv#C0750530,21274-21283,PREF,SUBSEQUENT
longitudinal study,http://sbmi.uth.tmc.edu/ontology/ochv#C0023981,21285-21302,PREF,LONGITUDINAL STUDY
combined,http://sbmi.uth.tmc.edu/ontology/ochv#C0205195,21315-21322,PREF,COMBINED
early,http://sbmi.uth.tmc.edu/ontology/ochv#C0205085,21577-21581|23803-23807|23898-23902,PREF|PREF|PREF,EARLY|EARLY|EARLY
phases,http://sbmi.uth.tmc.edu/ontology/ochv#C0585064,21593-21598,PREF,PHASES
beliefs,http://sbmi.uth.tmc.edu/ontology/ochv#1764,21605-21611|21764-21770|26172-26178,PREF|PREF|PREF,BELIEFS|BELIEFS|BELIEFS
course,http://sbmi.uth.tmc.edu/ontology/ochv#C0449922,21623-21628|23780-23785,PREF|PREF,COURSE|COURSE
stages,http://sbmi.uth.tmc.edu/ontology/ochv#C1306673,21715-21720,PREF,STAGES
referred,http://sbmi.uth.tmc.edu/ontology/ochv#C0205543,22068-22075,PREF,REFERRED
behavior,http://sbmi.uth.tmc.edu/ontology/ochv#C0004927,22343-22350,PREF,BEHAVIOR
behavior,http://sbmi.uth.tmc.edu/ontology/ochv#1751,22343-22350,PREF,BEHAVIOR
relaxation,http://sbmi.uth.tmc.edu/ontology/ochv#C0035028,22387-22396,PREF,RELAXATION
relaxation,http://sbmi.uth.tmc.edu/ontology/ochv#10705,22387-22396,PREF,RELAXATION
breathing,http://sbmi.uth.tmc.edu/ontology/ochv#1527,22402-22410,PREF,BREATHING
breathing,http://sbmi.uth.tmc.edu/ontology/ochv#C0004048,22402-22410,PREF,BREATHING
recent,http://sbmi.uth.tmc.edu/ontology/ochv#C0332185,22428-22433,PREF,RECENT
American,http://sbmi.uth.tmc.edu/ontology/ochv#C0596070,22461-22468|27266-27273,PREF|PREF,AMERICAN|AMERICAN
American,http://sbmi.uth.tmc.edu/ontology/ochv#41479,22461-22468|27266-27273,PREF|PREF,AMERICAN|AMERICAN
college,http://sbmi.uth.tmc.edu/ontology/ochv#C0557806,22470-22476|27275-27281,PREF|PREF,COLLEGE|COLLEGE
physicians,http://sbmi.uth.tmc.edu/ontology/ochv#9707,22481-22490|27286-27295,PREF|PREF,PHYSICIANS|PHYSICIANS
pain intensity,http://sbmi.uth.tmc.edu/ontology/ochv#C1320357,22698-22711|24509-24522,PREF|PREF,PAIN INTENSITY|PAIN INTENSITY
intensity,http://sbmi.uth.tmc.edu/ontology/ochv#C0522510,22703-22711|24514-24522,PREF|PREF,INTENSITY|INTENSITY
short,http://sbmi.uth.tmc.edu/ontology/ochv#C0205167,22932-22936,PREF,SHORT
recommendations,http://sbmi.uth.tmc.edu/ontology/ochv#10641,23049-23063,PREF,RECOMMENDATIONS
potential,http://sbmi.uth.tmc.edu/ontology/ochv#C0237399,23692-23700,PREF,POTENTIAL
potential,http://sbmi.uth.tmc.edu/ontology/ochv#23799,23692-23700,PREF,POTENTIAL
prevents,http://sbmi.uth.tmc.edu/ontology/ochv#C1292733,23827-23834,PREF,PREVENTS
psychological problems,http://sbmi.uth.tmc.edu/ontology/ochv#C0848067,23855-23876,PREF,PSYCHOLOGICAL PROBLEMS
resolving,http://sbmi.uth.tmc.edu/ontology/ochv#48329,23950-23958,PREF,RESOLVING
resolving,http://sbmi.uth.tmc.edu/ontology/ochv#C0750521,23950-23958,PREF,RESOLVING
certain,http://sbmi.uth.tmc.edu/ontology/ochv#C0205423,23973-23979,PREF,CERTAIN
strength,http://sbmi.uth.tmc.edu/ontology/ochv#49052,24290-24297,PREF,STRENGTH
strength,http://sbmi.uth.tmc.edu/ontology/ochv#C0808080,24290-24297,PREF,STRENGTH
large,http://sbmi.uth.tmc.edu/ontology/ochv#C0549177,24331-24335,PREF,LARGE
large,http://sbmi.uth.tmc.edu/ontology/ochv#38944,24331-24335,PREF,LARGE
independent,http://sbmi.uth.tmc.edu/ontology/ochv#C1299583,24752-24762,PREF,INDEPENDENT
acute,http://sbmi.uth.tmc.edu/ontology/ochv#C0205178,25311-25315,PREF,ACUTE
directions,http://sbmi.uth.tmc.edu/ontology/ochv#C0439755,25460-25469,PREF,DIRECTIONS
pay,http://sbmi.uth.tmc.edu/ontology/ochv#C0871051,25626-25628,PREF,PAY
pay,http://sbmi.uth.tmc.edu/ontology/ochv#51264,25626-25628,PREF,PAY
attention,http://sbmi.uth.tmc.edu/ontology/ochv#1577,25630-25638,PREF,ATTENTION
attention,http://sbmi.uth.tmc.edu/ontology/ochv#C0004268,25630-25638,PREF,ATTENTION
review of,http://sbmi.uth.tmc.edu/ontology/ochv#C0699752,25654-25662|26291-26299,PREF|PREF,REVIEW OF|REVIEW OF
chronicity,http://sbmi.uth.tmc.edu/ontology/ochv#C0547045,25703-25712,PREF,CHRONICITY
symptoms of depression,http://sbmi.uth.tmc.edu/ontology/ochv#C0086132,25766-25787|25852-25873,PREF|PREF,SYMPTOMS OF DEPRESSION|SYMPTOMS OF DEPRESSION
meta-analysis,http://sbmi.uth.tmc.edu/ontology/ochv#52551,25942-25954,PREF,META-ANALYSIS
meta-analysis,http://sbmi.uth.tmc.edu/ontology/ochv#C0282458,25942-25954,PREF,META-ANALYSIS
meta-analysis,http://sbmi.uth.tmc.edu/ontology/ochv#C0920317,25942-25954,PREF,META-ANALYSIS
meta,http://sbmi.uth.tmc.edu/ontology/ochv#C1042496,25942-25945,PREF,META
meta,http://sbmi.uth.tmc.edu/ontology/ochv#54272,25942-25945,PREF,META
chronic low back pain,http://sbmi.uth.tmc.edu/ontology/ochv#C0457949,26087-26107|26368-26388,PREF|PREF,CHRONIC LOW BACK PAIN|CHRONIC LOW BACK PAIN
workers,http://sbmi.uth.tmc.edu/ontology/ochv#C1306056,26342-26348,PREF,WORKERS
concurrent,http://sbmi.uth.tmc.edu/ontology/ochv#C0205420,26395-26404,PREF,CONCURRENT
natural history,http://sbmi.uth.tmc.edu/ontology/ochv#18228,26821-26835,PREF,NATURAL HISTORY
natural history,http://sbmi.uth.tmc.edu/ontology/ochv#C0175860,26821-26835,PREF,NATURAL HISTORY
natural,http://sbmi.uth.tmc.edu/ontology/ochv#C0205296,26821-26827,PREF,NATURAL
guidelines,http://sbmi.uth.tmc.edu/ontology/ochv#17986,26879-26888,PREF,GUIDELINES
guidelines,http://sbmi.uth.tmc.edu/ontology/ochv#C0162791,26879-26888,PREF,GUIDELINES
30513,http://sbmi.uth.tmc.edu/ontology/ochv#30513,27022-27026,PREF,30513
related,http://sbmi.uth.tmc.edu/ontology/ochv#C0163712,27099-27105,PREF,RELATED
chronic pain,http://sbmi.uth.tmc.edu/ontology/ochv#C0150055,27121-27132,PREF,CHRONIC PAIN
clinical practice guideline,http://sbmi.uth.tmc.edu/ontology/ochv#C0282451,27297-27323,PREF,CLINICAL PRACTICE GUIDELINE
practice guideline,http://sbmi.uth.tmc.edu/ontology/ochv#C0936005,27306-27323,PREF,PRACTICE GUIDELINE
guideline,http://sbmi.uth.tmc.edu/ontology/ochv#C0282423,27315-27323,PREF,GUIDELINE
